search_term,product_name,unit_size,price,store,date,clean_price,normalized_qty,unit_type,unit_uncertain,price_per_unit,brand_type,category,scraper_error,name_match_uncertain
Bananas,"Bananas, per lb",avg. 0.33 lb/piece  ($0.49/lb),$0.16,Aldi,2026-02-03,0.16,5.28,oz,False,0.030303,National,Produce,False,False
Chicken Breast,"Kirkwood Split Chicken Breasts, per lb",avg. 2.7 lb/package  ($1.99/lb),$5.37,Aldi,2026-02-03,5.37,43.2,oz,False,0.124306,National,Meat,False,False
Dish Soap,"Power Force Original Dishwashing Liquid Detergent, 24 fl oz",24 fl oz,$2.35,Aldi,2026-02-03,2.35,24.0,oz,False,0.097917,National,Household,False,False
Gala Apples,"Gala Apples, 3 lb",3 lb,$1.99,Aldi,2026-02-03,1.99,48.0,oz,False,0.041458,National,Produce,False,False
Ground Beef 80/20,"Fresh  80% Lean 20% Fat Ground Beef Patties, 4 count",avg. 1.33 lb/package  ($5.59/lb),$7.43,Aldi,2026-02-03,7.43,21.28,oz,False,0.349154,National,Meat,False,False
Iceberg Lettuce,"Iceberg Lettuce, each",1 each,$2.09,Aldi,2026-02-03,2.09,1.0,count,False,2.09,National,Produce,False,False
Large Eggs (12 count),"Goldhen Free  Range Large Brown Grade A Eggs, 12 count",12 ct,$4.25,Aldi,2026-02-03,4.25,12.0,count,False,0.354167,Private,Dairy,False,False
Salted Butter,"Countryside Creamery Salted Butter Sticks, 1 lb",16 oz,$3.29,Aldi,2026-02-03,3.29,16.0,oz,False,0.205625,National,Dairy,False,False
Spaghetti Pasta,"Bon Italia Spaghetti Rings with Meatballs, 15 oz Can",15 oz,$1.09,Aldi,2026-02-03,1.09,15.0,oz,False,0.072667,National,Pantry,False,False
Tomato Sauce,"Happy Harvest Tomato Sauce, 8 oz",8 oz,$0.55,Aldi,2026-02-03,0.55,8.0,oz,False,0.06875,National,Pantry,False,False
White Bread,"L'oven Fresh White Bread,  20 oz",20 oz,$1.55,Aldi,2026-02-03,1.55,20.0,oz,False,0.0775,National,Pantry,False,False
Whole Milk,"Friendly Farms Whole Milk, 0.5 gal",0.5 gal,$2.25,Aldi,2026-02-03,2.25,64.0,oz,False,0.035156,Private,Dairy,False,False
Bananas,Publix Green Banana,About 0.4 lb each,Current price: $0.28 each (estimated),Publix,2026-02-03,0.3,6.4,oz,False,0.046875,Private,Produce,False,False
Chicken Breast,Publix Just Bare Brand Boneless Skinless Chicken Breast Fillets,1.13 lb,Current price: $9.43,Publix,2026-02-03,9.43,18.08,oz,False,0.521571,National,Meat,False,False
Dish Soap,"Publix Dawn Ultra Dishwashing Liquid Dish Soap, Original Scent",7.5 fl oz,Current price: $2.09,Publix,2026-02-03,2.13,7.5,oz,False,0.284,Private,Household,False,False
Gala Apples,Publix Gala Apple,About 0.54 lb each,Current price: $1.59 each (estimated),Publix,2026-02-03,1.63,8.64,oz,False,0.188657,Private,Produce,False,False
Ground Beef 80/20,Publix Publix Market Ground Beef,About 1.15 lb / package,Current price: $8.91 per package (estimated),Publix,2026-02-03,8.87,18.4,oz,False,0.482065,Private,Meat,False,False
Iceberg Lettuce,Publix Iceberg Lettuce,,Current price: $2.97,Publix,2026-02-03,2.97,16,oz,True,0.185625,Private,Produce,False,False
Large Eggs (12 count),"Publix Publix Eggs, Large",12 ct,Current price: $2.43,Publix,2026-02-03,2.45,12.0,count,False,0.204167,Private,Dairy,False,False
Salted Butter,"Publix Publix Butter, Salted, Sweet Cream",8 oz,Current price: $3.87,Publix,2026-02-03,3.87,8.0,oz,False,0.48375,Private,Dairy,False,False
Spaghetti Pasta,"Publix Publix Spaghetti, Thin",16 oz,Current price: $1.37,Publix,2026-02-03,1.37,16.0,oz,False,0.085625,Private,Pantry,False,False
Tomato Sauce,Publix Contadina Tomato Sauce,14.5 oz,Current price: $1.97,Publix,2026-02-03,1.97,14.5,oz,False,0.135862,National,Pantry,False,False
White Bread,"Publix Publix Bread, Enriched, Large White",20 oz,Current price: $2.65,Publix,2026-02-03,2.65,20.0,oz,False,0.1325,Private,Pantry,False,False
Whole Milk,"Publix Publix Milk, Whole",,Current price: $2.43,Publix,2026-02-03,2.42,64,oz,True,0.037812,Private,Dairy,False,False
Bananas,"Walmart Fresh Banana, Each",Each,$0.20,Walmart,2026-02-03,0.17,1.0,count,False,0.17,National,Produce,False,False
Chicken Breast,"Walmart Sanderson Farms Fresh Boneless Skinless Chicken Breast Fillets, 25g Protein, 4oz 112g, 1.6 - 3.05lb",1.6 - 3.05lb,$9.74,Walmart,2026-02-03,9.74,25.6,oz,False,0.380469,National,Meat,False,False
Dish Soap,"Walmart Dawn Ultra Liquid Dish Soap, Dishwashing Liquid, Grease Removal, Original, 5.8oz",5.8oz,$0.97,Walmart,2026-02-03,0.97,5.8,oz,False,0.167241,National,Household,False,False
Gala Apples,"Walmart Fresh Gala Apple, Each",Each,$0.73,Walmart,2026-02-03,0.73,1.0,count,False,0.73,National,Produce,False,False
Ground Beef 80/20,"Walmart 80% Lean / 20% Fat Ground Beef Chuck, 1 lb Roll, Fresh, All Natural*",All Natural*,$6.83,Walmart,2026-02-03,6.83,16,oz,False,0.426875,National,Meat,False,False
Iceberg Lettuce,"Walmart Marketside Fresh Shredded Iceberg Lettuce, 8 oz, Bag",Bag,$1.97,Walmart,2026-02-03,1.97,8,oz,False,0.24625,National,Produce,False,False
Large Eggs (12 count),"Walmart Great Value Extra Large White Eggs, 12 Count",12 Count,$2.22,Walmart,2026-02-03,2.22,12.0,count,False,0.185,National,Dairy,False,False
Salted Butter,"Walmart Land O Lakes Salted Butter in Half Sticks, 4 Half Sticks, 8 oz Pack",8 oz Pack,$2.86,Walmart,2026-02-03,2.86,8.0,count,False,0.3575,National,Dairy,False,False
Spaghetti Pasta,"Walmart Great Value Spaghetti, 16 oz",16 oz,$0.98,Walmart,2026-02-03,0.98,16.0,oz,False,0.06125,National,Pantry,False,False
Tomato Sauce,"Walmart Great Value Tomato Sauce, 8 oz Can",8 oz Can,$0.48,Walmart,2026-02-03,0.48,8.0,oz,False,0.06,National,Pantry,False,False
White Bread,"Walmart Great Value White Sandwich Bread, 20 oz",20 oz,$1.54,Walmart,2026-02-03,1.54,20.0,oz,False,0.077,National,Pantry,False,False
Whole Milk,"Walmart Great Value Whole Vitamin D Milk, Gallon, 128 fl oz",128 fl oz,$3.38,Walmart,2026-02-03,3.38,128.0,oz,False,0.026406,National,Dairy,False,False
Bananas,"Bananas, per lb",avg. 0.33 lb/piece  ($0.49/lb),$0.16,Aldi,2026-02-04,0.15,5.28,oz,False,0.028409,National,Produce,False,False
Chicken Breast,"Kirkwood Split Chicken Breasts, per lb",avg. 2.7 lb/package  ($1.99/lb),$5.37,Aldi,2026-02-04,5.39,43.2,oz,False,0.124769,National,Meat,False,False
Dish Soap,"Power Force Original Dishwashing Liquid Detergent, 24 fl oz",24 fl oz,$2.35,Aldi,2026-02-04,2.4,24.0,oz,False,0.1,National,Household,False,False
Gala Apples,"Gala Apples, 3 lb",3 lb,$1.99,Aldi,2026-02-04,1.95,48.0,oz,False,0.040625,National,Produce,False,False
Ground Beef 80/20,"Fresh  80% Lean 20% Fat Ground Beef Patties, 4 count",avg. 1.33 lb/package  ($5.59/lb),$7.43,Aldi,2026-02-04,7.47,21.28,oz,False,0.351034,National,Meat,False,False
Iceberg Lettuce,"Iceberg Lettuce, each",1 each,$2.09,Aldi,2026-02-04,2.09,1.0,count,False,2.09,National,Produce,False,False
Large Eggs (12 count),"Goldhen Free  Range Large Brown Grade A Eggs, 12 count",12 ct,$4.25,Aldi,2026-02-04,4.27,12.0,count,False,0.355833,Private,Dairy,False,False
Salted Butter,"Countryside Creamery Salted Butter Sticks, 1 lb",16 oz,$3.29,Aldi,2026-02-04,3.32,16.0,oz,False,0.2075,National,Dairy,False,False
Spaghetti Pasta,"Bon Italia Spaghetti Rings with Meatballs, 15 oz Can",15 oz,$1.09,Aldi,2026-02-04,1.1,15.0,oz,False,0.073333,National,Pantry,False,False
Tomato Sauce,"Happy Harvest Tomato Sauce, 8 oz",8 oz,$0.55,Aldi,2026-02-04,0.59,8.0,oz,False,0.07375,National,Pantry,False,False
White Bread,"L'oven Fresh White Bread,  20 oz",20 oz,$1.55,Aldi,2026-02-04,1.57,20.0,oz,False,0.0785,National,Pantry,False,False
Whole Milk,"Friendly Farms Whole Milk, 0.5 gal",0.5 gal,$2.25,Aldi,2026-02-04,2.26,64.0,oz,False,0.035312,Private,Dairy,False,False
Bananas,Publix Green Banana,About 0.4 lb each,Current price: $0.28 each (estimated),Publix,2026-02-04,0.26,6.4,oz,False,0.040625,Private,Produce,False,False
Chicken Breast,Publix Just Bare Brand Boneless Skinless Chicken Breast Fillets,1.13 lb,Current price: $9.43,Publix,2026-02-04,9.4,18.08,oz,False,0.519912,National,Meat,False,False
Dish Soap,"Publix Dawn Ultra Dishwashing Liquid Dish Soap, Original Scent",7.5 fl oz,Current price: $2.09,Publix,2026-02-04,2.06,7.5,oz,False,0.274667,Private,Household,False,False
Gala Apples,Publix Gala Apple,About 0.54 lb each,Current price: $1.59 each (estimated),Publix,2026-02-04,1.62,8.64,oz,False,0.1875,Private,Produce,False,False
Ground Beef 80/20,Publix Publix Market Ground Beef,About 1.15 lb / package,Current price: $8.91 per package (estimated),Publix,2026-02-04,8.93,18.4,oz,False,0.485326,Private,Meat,False,False
Iceberg Lettuce,Publix Iceberg Lettuce,,Current price: $2.97,Publix,2026-02-04,2.97,16,oz,True,0.185625,Private,Produce,False,False
Large Eggs (12 count),"Publix Publix Eggs, Large",12 ct,Current price: $2.43,Publix,2026-02-04,2.48,12.0,count,False,0.206667,Private,Dairy,False,False
Salted Butter,"Publix Publix Butter, Salted, Sweet Cream",8 oz,Current price: $3.87,Publix,2026-02-04,3.75,8.0,oz,False,0.46875,Private,Dairy,False,False
Spaghetti Pasta,"Publix Publix Spaghetti, Thin",16 oz,Current price: $1.37,Publix,2026-02-04,1.41,16.0,oz,False,0.088125,Private,Pantry,False,False
Tomato Sauce,Publix Contadina Tomato Sauce,14.5 oz,Current price: $1.97,Publix,2026-02-04,1.9,14.5,oz,False,0.131034,National,Pantry,False,False
White Bread,"Publix Publix Bread, Enriched, Large White",20 oz,Current price: $2.65,Publix,2026-02-04,2.69,20.0,oz,False,0.1345,Private,Pantry,False,False
Whole Milk,"Publix Publix Milk, Whole",,Current price: $2.43,Publix,2026-02-04,2.46,64,oz,True,0.038437,Private,Dairy,False,False
Bananas,"Walmart Fresh Banana, Each",Each,$0.20,Walmart,2026-02-04,0.16,1.0,count,False,0.16,National,Produce,False,False
Chicken Breast,"Walmart Sanderson Farms Fresh Boneless Skinless Chicken Breast Fillets, 25g Protein, 4oz 112g, 1.6 - 3.05lb",1.6 - 3.05lb,$9.74,Walmart,2026-02-04,9.76,25.6,oz,False,0.38125,National,Meat,False,False
Dish Soap,"Walmart Dawn Ultra Liquid Dish Soap, Dishwashing Liquid, Grease Removal, Original, 5.8oz",5.8oz,$0.97,Walmart,2026-02-04,1.01,5.8,oz,False,0.174138,National,Household,False,False
Gala Apples,"Walmart Fresh Gala Apple, Each",Each,$0.73,Walmart,2026-02-04,0.7,1.0,count,False,0.7,National,Produce,False,False
Ground Beef 80/20,"Walmart 80% Lean / 20% Fat Ground Beef Chuck, 1 lb Roll, Fresh, All Natural*",All Natural*,$6.83,Walmart,2026-02-04,6.81,16,oz,False,0.425625,National,Meat,False,False
Iceberg Lettuce,"Walmart Marketside Fresh Shredded Iceberg Lettuce, 8 oz, Bag",Bag,$1.97,Walmart,2026-02-04,2.0,8,oz,False,0.25,National,Produce,False,False
Large Eggs (12 count),"Walmart Great Value Extra Large White Eggs, 12 Count",12 Count,$2.22,Walmart,2026-02-04,2.23,12.0,count,False,0.185833,National,Dairy,False,False
Salted Butter,"Walmart Land O Lakes Salted Butter in Half Sticks, 4 Half Sticks, 8 oz Pack",8 oz Pack,$2.86,Walmart,2026-02-04,2.9,8.0,count,False,0.3625,National,Dairy,False,False
Spaghetti Pasta,"Walmart Great Value Spaghetti, 16 oz",16 oz,$0.98,Walmart,2026-02-04,0.94,16.0,oz,False,0.05875,National,Pantry,False,False
Tomato Sauce,"Walmart Great Value Tomato Sauce, 8 oz Can",8 oz Can,$0.48,Walmart,2026-02-04,0.49,8.0,oz,False,0.06125,National,Pantry,False,False
White Bread,"Walmart Great Value White Sandwich Bread, 20 oz",20 oz,$1.54,Walmart,2026-02-04,1.49,20.0,oz,False,0.0745,National,Pantry,False,False
Whole Milk,"Walmart Great Value Whole Vitamin D Milk, Gallon, 128 fl oz",128 fl oz,$3.38,Walmart,2026-02-04,3.34,128.0,oz,False,0.026094,National,Dairy,False,False
Bananas,"Bananas, per lb",avg. 0.33 lb/piece  ($0.49/lb),$0.16,Aldi,2026-02-05,0.12,5.28,oz,False,0.022727,National,Produce,False,False
Chicken Breast,"Kirkwood Split Chicken Breasts, per lb",avg. 2.7 lb/package  ($1.99/lb),$5.37,Aldi,2026-02-05,5.34,43.2,oz,False,0.123611,National,Meat,False,False
Dish Soap,"Power Force Original Dishwashing Liquid Detergent, 24 fl oz",24 fl oz,$2.35,Aldi,2026-02-05,2.33,24.0,oz,False,0.097083,National,Household,False,False
Gala Apples,"Gala Apples, 3 lb",3 lb,$1.99,Aldi,2026-02-05,2.0,48.0,oz,False,0.041667,National,Produce,False,False
Ground Beef 80/20,"Fresh  80% Lean 20% Fat Ground Beef Patties, 4 count",avg. 1.33 lb/package  ($5.59/lb),$7.43,Aldi,2026-02-05,7.4,21.28,oz,False,0.347744,National,Meat,False,False
Iceberg Lettuce,"Iceberg Lettuce, each",1 each,$2.09,Aldi,2026-02-05,2.14,1.0,count,False,2.14,National,Produce,False,False
Large Eggs (12 count),"Goldhen Free  Range Large Brown Grade A Eggs, 12 count",12 ct,$4.25,Aldi,2026-02-05,4.25,12.0,count,False,0.354167,Private,Dairy,False,False
Salted Butter,"Countryside Creamery Salted Butter Sticks, 1 lb",16 oz,$3.29,Aldi,2026-02-05,3.36,16.0,oz,False,0.21,National,Dairy,False,False
Spaghetti Pasta,"Bon Italia Spaghetti Rings with Meatballs, 15 oz Can",15 oz,$1.09,Aldi,2026-02-05,1.11,15.0,oz,False,0.074,National,Pantry,False,False
Tomato Sauce,"Happy Harvest Tomato Sauce, 8 oz",8 oz,$0.55,Aldi,2026-02-05,0.54,8.0,oz,False,0.0675,National,Pantry,False,False
White Bread,"L'oven Fresh White Bread,  20 oz",20 oz,$1.55,Aldi,2026-02-05,1.53,20.0,oz,False,0.0765,National,Pantry,False,False
Whole Milk,"Friendly Farms Whole Milk, 0.5 gal",0.5 gal,$2.25,Aldi,2026-02-05,2.2,64.0,oz,False,0.034375,Private,Dairy,False,False
Bananas,Publix Green Banana,About 0.4 lb each,Current price: $0.28 each (estimated),Publix,2026-02-05,0.32,6.4,oz,False,0.05,Private,Produce,False,False
Chicken Breast,Publix Just Bare Brand Boneless Skinless Chicken Breast Fillets,1.13 lb,Current price: $9.43,Publix,2026-02-05,9.4,18.08,oz,False,0.519912,National,Meat,False,False
Dish Soap,"Publix Dawn Ultra Dishwashing Liquid Dish Soap, Original Scent",7.5 fl oz,Current price: $2.09,Publix,2026-02-05,2.06,7.5,oz,False,0.274667,Private,Household,False,False
Gala Apples,Publix Gala Apple,About 0.54 lb each,Current price: $1.59 each (estimated),Publix,2026-02-05,1.55,8.64,oz,False,0.179398,Private,Produce,False,False
Ground Beef 80/20,Publix Publix Market Ground Beef,About 1.15 lb / package,Current price: $8.91 per package (estimated),Publix,2026-02-05,8.93,18.4,oz,False,0.485326,Private,Meat,False,False
Iceberg Lettuce,Publix Iceberg Lettuce,,Current price: $2.97,Publix,2026-02-05,2.96,16,oz,True,0.185,Private,Produce,False,False
Large Eggs (12 count),"Publix Publix Eggs, Large",12 ct,Current price: $2.43,Publix,2026-02-05,2.42,12.0,count,False,0.201667,Private,Dairy,False,False
Salted Butter,"Publix Publix Butter, Salted, Sweet Cream",8 oz,Current price: $3.87,Publix,2026-02-05,3.67,8.0,oz,False,0.45875,Private,Dairy,False,False
Spaghetti Pasta,"Publix Publix Spaghetti, Thin",16 oz,Current price: $1.37,Publix,2026-02-05,1.38,16.0,oz,False,0.08625,Private,Pantry,False,False
Tomato Sauce,Publix Contadina Tomato Sauce,14.5 oz,Current price: $1.97,Publix,2026-02-05,1.8,14.5,oz,False,0.124138,National,Pantry,False,False
White Bread,"Publix Publix Bread, Enriched, Large White",20 oz,Current price: $2.65,Publix,2026-02-05,2.66,20.0,oz,False,0.133,Private,Pantry,False,False
Whole Milk,"Publix Publix Milk, Whole",,Current price: $2.43,Publix,2026-02-05,2.46,64,oz,True,0.038437,Private,Dairy,False,False
Bananas,"Walmart Fresh Banana, Each",Each,$0.20,Walmart,2026-02-05,0.18,1.0,count,False,0.18,National,Produce,False,False
Chicken Breast,"Walmart Sanderson Farms Fresh Boneless Skinless Chicken Breast Fillets, 25g Protein, 4oz 112g, 1.6 - 3.05lb",1.6 - 3.05lb,$9.74,Walmart,2026-02-05,9.86,25.6,oz,False,0.385156,National,Meat,False,False
Dish Soap,"Walmart Dawn Ultra Liquid Dish Soap, Dishwashing Liquid, Grease Removal, Original, 5.8oz",5.8oz,$0.97,Walmart,2026-02-05,0.98,5.8,oz,False,0.168966,National,Household,False,False
Gala Apples,"Walmart Fresh Gala Apple, Each",Each,$0.73,Walmart,2026-02-05,0.72,1.0,count,False,0.72,National,Produce,False,False
Ground Beef 80/20,"Walmart 80% Lean / 20% Fat Ground Beef Chuck, 1 lb Roll, Fresh, All Natural*",All Natural*,$6.83,Walmart,2026-02-05,6.89,16,oz,False,0.430625,National,Meat,False,False
Iceberg Lettuce,"Walmart Marketside Fresh Shredded Iceberg Lettuce, 8 oz, Bag",Bag,$1.97,Walmart,2026-02-05,1.98,8,oz,False,0.2475,National,Produce,False,False
Large Eggs (12 count),"Walmart Great Value Extra Large White Eggs, 12 Count",12 Count,$2.22,Walmart,2026-02-05,2.19,12.0,count,False,0.1825,National,Dairy,False,False
Salted Butter,"Walmart Land O Lakes Salted Butter in Half Sticks, 4 Half Sticks, 8 oz Pack",8 oz Pack,$2.86,Walmart,2026-02-05,2.81,8.0,count,False,0.35125,National,Dairy,False,False
Spaghetti Pasta,"Walmart Great Value Spaghetti, 16 oz",16 oz,$0.98,Walmart,2026-02-05,0.99,16.0,oz,False,0.061875,National,Pantry,False,False
Tomato Sauce,"Walmart Great Value Tomato Sauce, 8 oz Can",8 oz Can,$0.48,Walmart,2026-02-05,0.49,8.0,oz,False,0.06125,National,Pantry,False,False
White Bread,"Walmart Great Value White Sandwich Bread, 20 oz",20 oz,$1.54,Walmart,2026-02-05,1.58,20.0,oz,False,0.079,National,Pantry,False,False
Whole Milk,"Walmart Great Value Whole Vitamin D Milk, Gallon, 128 fl oz",128 fl oz,$3.38,Walmart,2026-02-05,3.41,128.0,oz,False,0.026641,National,Dairy,False,False
Bananas,"Bananas, per lb",avg. 0.33 lb/piece  ($0.49/lb),$0.16,Aldi,2026-02-06,0.15,5.28,oz,False,0.028409,National,Produce,False,False
Chicken Breast,"Kirkwood Split Chicken Breasts, per lb",avg. 2.7 lb/package  ($1.99/lb),$5.37,Aldi,2026-02-06,5.35,43.2,oz,False,0.123843,National,Meat,False,False
Dish Soap,"Power Force Original Dishwashing Liquid Detergent, 24 fl oz",24 fl oz,$2.35,Aldi,2026-02-06,2.36,24.0,oz,False,0.098333,National,Household,False,False
Gala Apples,"Gala Apples, 3 lb",3 lb,$1.99,Aldi,2026-02-06,1.98,48.0,oz,False,0.04125,National,Produce,False,False
Ground Beef 80/20,"Fresh  80% Lean 20% Fat Ground Beef Patties, 4 count",avg. 1.33 lb/package  ($5.59/lb),$7.43,Aldi,2026-02-06,7.4,21.28,oz,False,0.347744,National,Meat,False,False
Iceberg Lettuce,"Iceberg Lettuce, each",1 each,$2.09,Aldi,2026-02-06,2.19,1.0,count,False,2.19,National,Produce,False,False
Large Eggs (12 count),"Goldhen Free  Range Large Brown Grade A Eggs, 12 count",12 ct,$4.25,Aldi,2026-02-06,4.3,12.0,count,False,0.358333,Private,Dairy,False,False
Salted Butter,"Countryside Creamery Salted Butter Sticks, 1 lb",16 oz,$3.29,Aldi,2026-02-06,3.4,16.0,oz,False,0.2125,National,Dairy,False,False
Spaghetti Pasta,"Bon Italia Spaghetti Rings with Meatballs, 15 oz Can",15 oz,$1.09,Aldi,2026-02-06,1.06,15.0,oz,False,0.070667,National,Pantry,False,False
Tomato Sauce,"Happy Harvest Tomato Sauce, 8 oz",8 oz,$0.55,Aldi,2026-02-06,0.56,8.0,oz,False,0.07,National,Pantry,False,False
White Bread,"L'oven Fresh White Bread,  20 oz",20 oz,$1.55,Aldi,2026-02-06,1.53,20.0,oz,False,0.0765,National,Pantry,False,False
Whole Milk,"Friendly Farms Whole Milk, 0.5 gal",0.5 gal,$2.25,Aldi,2026-02-06,2.23,64.0,oz,False,0.034844,Private,Dairy,False,False
Bananas,Publix Green Banana,About 0.4 lb each,Current price: $0.28 each (estimated),Publix,2026-02-06,0.31,6.4,oz,False,0.048437,Private,Produce,False,False
Chicken Breast,Publix Just Bare Brand Boneless Skinless Chicken Breast Fillets,1.13 lb,Current price: $9.43,Publix,2026-02-06,9.38,18.08,oz,False,0.518805,National,Meat,False,False
Dish Soap,"Publix Dawn Ultra Dishwashing Liquid Dish Soap, Original Scent",7.5 fl oz,Current price: $2.09,Publix,2026-02-06,2.11,7.5,oz,False,0.281333,Private,Household,False,False
Gala Apples,Publix Gala Apple,About 0.54 lb each,Current price: $1.59 each (estimated),Publix,2026-02-06,1.63,8.64,oz,False,0.188657,Private,Produce,False,False
Ground Beef 80/20,Publix Publix Market Ground Beef,About 1.15 lb / package,Current price: $8.91 per package (estimated),Publix,2026-02-06,8.95,18.4,oz,False,0.486413,Private,Meat,False,False
Iceberg Lettuce,Publix Iceberg Lettuce,,Current price: $2.97,Publix,2026-02-06,2.99,16,oz,True,0.186875,Private,Produce,False,False
Large Eggs (12 count),"Publix Publix Eggs, Large",12 ct,Current price: $2.43,Publix,2026-02-06,2.45,12.0,count,False,0.204167,Private,Dairy,False,False
Salted Butter,"Publix Publix Butter, Salted, Sweet Cream",8 oz,Current price: $3.87,Publix,2026-02-06,3.57,8.0,oz,False,0.44625,Private,Dairy,False,False
Spaghetti Pasta,"Publix Publix Spaghetti, Thin",16 oz,Current price: $1.37,Publix,2026-02-06,1.39,16.0,oz,False,0.086875,Private,Pantry,False,False
Tomato Sauce,Publix Contadina Tomato Sauce,14.5 oz,Current price: $1.97,Publix,2026-02-06,1.78,14.5,oz,False,0.122759,National,Pantry,False,False
White Bread,"Publix Publix Bread, Enriched, Large White",20 oz,Current price: $2.65,Publix,2026-02-06,2.65,20.0,oz,False,0.1325,Private,Pantry,False,False
Whole Milk,"Publix Publix Milk, Whole",,Current price: $2.43,Publix,2026-02-06,2.41,64,oz,True,0.037656,Private,Dairy,False,False
Bananas,"Walmart Fresh Banana, Each",Each,$0.20,Walmart,2026-02-06,0.18,1.0,count,False,0.18,National,Produce,False,False
Chicken Breast,"Walmart Sanderson Farms Fresh Boneless Skinless Chicken Breast Fillets, 25g Protein, 4oz 112g, 1.6 - 3.05lb",1.6 - 3.05lb,$9.74,Walmart,2026-02-06,9.92,25.6,oz,False,0.3875,National,Meat,False,False
Dish Soap,"Walmart Dawn Ultra Liquid Dish Soap, Dishwashing Liquid, Grease Removal, Original, 5.8oz",5.8oz,$0.97,Walmart,2026-02-06,0.96,5.8,oz,False,0.165517,National,Household,False,False
Gala Apples,"Walmart Fresh Gala Apple, Each",Each,$0.73,Walmart,2026-02-06,0.71,1.0,count,False,0.71,National,Produce,False,False
Ground Beef 80/20,"Walmart 80% Lean / 20% Fat Ground Beef Chuck, 1 lb Roll, Fresh, All Natural*",All Natural*,$6.83,Walmart,2026-02-06,6.91,16,oz,False,0.431875,National,Meat,False,False
Iceberg Lettuce,"Walmart Marketside Fresh Shredded Iceberg Lettuce, 8 oz, Bag",Bag,$1.97,Walmart,2026-02-06,2.01,8,oz,False,0.25125,National,Produce,False,False
Large Eggs (12 count),"Walmart Great Value Extra Large White Eggs, 12 Count",12 Count,$2.22,Walmart,2026-02-06,2.25,12.0,count,False,0.1875,National,Dairy,False,False
Salted Butter,"Walmart Land O Lakes Salted Butter in Half Sticks, 4 Half Sticks, 8 oz Pack",8 oz Pack,$2.86,Walmart,2026-02-06,2.82,8.0,count,False,0.3525,National,Dairy,False,False
Spaghetti Pasta,"Walmart Great Value Spaghetti, 16 oz",16 oz,$0.98,Walmart,2026-02-06,0.94,16.0,oz,False,0.05875,National,Pantry,False,False
Tomato Sauce,"Walmart Great Value Tomato Sauce, 8 oz Can",8 oz Can,$0.48,Walmart,2026-02-06,0.46,8.0,oz,False,0.0575,National,Pantry,False,False
White Bread,"Walmart Great Value White Sandwich Bread, 20 oz",20 oz,$1.54,Walmart,2026-02-06,1.5,20.0,oz,False,0.075,National,Pantry,False,False
Whole Milk,"Walmart Great Value Whole Vitamin D Milk, Gallon, 128 fl oz",128 fl oz,$3.38,Walmart,2026-02-06,3.38,128.0,oz,False,0.026406,National,Dairy,False,False
Bananas,"Bananas, per lb",avg. 0.33 lb/piece  ($0.49/lb),$0.16,Aldi,2026-02-07,0.21,5.28,oz,False,0.039773,National,Produce,False,False
Chicken Breast,"Kirkwood Split Chicken Breasts, per lb",avg. 2.7 lb/package  ($1.99/lb),$5.37,Aldi,2026-02-07,5.42,43.2,oz,False,0.125463,National,Meat,False,False
Dish Soap,"Power Force Original Dishwashing Liquid Detergent, 24 fl oz",24 fl oz,$2.35,Aldi,2026-02-07,2.34,24.0,oz,False,0.0975,National,Household,False,False
Gala Apples,"Gala Apples, 3 lb",3 lb,$1.99,Aldi,2026-02-07,2.09,48.0,oz,False,0.043542,National,Produce,False,False
Ground Beef 80/20,"Fresh  80% Lean 20% Fat Ground Beef Patties, 4 count",avg. 1.33 lb/package  ($5.59/lb),$7.43,Aldi,2026-02-07,7.42,21.28,oz,False,0.348684,National,Meat,False,False
Iceberg Lettuce,"Iceberg Lettuce, each",1 each,$2.09,Aldi,2026-02-07,2.19,1.0,count,False,2.19,National,Produce,False,False
Large Eggs (12 count),"Goldhen Free  Range Large Brown Grade A Eggs, 12 count",12 ct,$4.25,Aldi,2026-02-07,4.24,12.0,count,False,0.353333,Private,Dairy,False,False
Salted Butter,"Countryside Creamery Salted Butter Sticks, 1 lb",16 oz,$3.29,Aldi,2026-02-07,3.41,16.0,oz,False,0.213125,National,Dairy,False,False
Spaghetti Pasta,"Bon Italia Spaghetti Rings with Meatballs, 15 oz Can",15 oz,$1.09,Aldi,2026-02-07,1.1,15.0,oz,False,0.073333,National,Pantry,False,False
Tomato Sauce,"Happy Harvest Tomato Sauce, 8 oz",8 oz,$0.55,Aldi,2026-02-07,0.52,8.0,oz,False,0.065,National,Pantry,False,False
White Bread,"L'oven Fresh White Bread,  20 oz",20 oz,$1.55,Aldi,2026-02-07,1.58,20.0,oz,False,0.079,National,Pantry,False,False
Whole Milk,"Friendly Farms Whole Milk, 0.5 gal",0.5 gal,$2.25,Aldi,2026-02-07,2.22,64.0,oz,False,0.034688,Private,Dairy,False,False
Bananas,Publix Green Banana,About 0.4 lb each,Current price: $0.28 each (estimated),Publix,2026-02-07,0.29,6.4,oz,False,0.045312,Private,Produce,False,False
Chicken Breast,Publix Just Bare Brand Boneless Skinless Chicken Breast Fillets,1.13 lb,Current price: $9.43,Publix,2026-02-07,9.4,18.08,oz,False,0.519912,National,Meat,False,False
Dish Soap,"Publix Dawn Ultra Dishwashing Liquid Dish Soap, Original Scent",7.5 fl oz,Current price: $2.09,Publix,2026-02-07,2.06,7.5,oz,False,0.274667,Private,Household,False,False
Gala Apples,Publix Gala Apple,About 0.54 lb each,Current price: $1.59 each (estimated),Publix,2026-02-07,1.56,8.64,oz,False,0.180556,Private,Produce,False,False
Ground Beef 80/20,Publix Publix Market Ground Beef,About 1.15 lb / package,Current price: $8.91 per package (estimated),Publix,2026-02-07,8.91,18.4,oz,False,0.484239,Private,Meat,False,False
Iceberg Lettuce,Publix Iceberg Lettuce,,Current price: $2.97,Publix,2026-02-07,2.95,16,oz,True,0.184375,Private,Produce,False,False
Large Eggs (12 count),"Publix Publix Eggs, Large",12 ct,Current price: $2.43,Publix,2026-02-07,2.39,12.0,count,False,0.199167,Private,Dairy,False,False
Salted Butter,"Publix Publix Butter, Salted, Sweet Cream",8 oz,Current price: $3.87,Publix,2026-02-07,3.47,8.0,oz,False,0.43375,Private,Dairy,False,False
Spaghetti Pasta,"Publix Publix Spaghetti, Thin",16 oz,Current price: $1.37,Publix,2026-02-07,1.37,16.0,oz,False,0.085625,Private,Pantry,False,False
Tomato Sauce,Publix Contadina Tomato Sauce,14.5 oz,Current price: $1.97,Publix,2026-02-07,1.76,14.5,oz,False,0.121379,National,Pantry,False,False
White Bread,"Publix Publix Bread, Enriched, Large White",20 oz,Current price: $2.65,Publix,2026-02-07,2.64,20.0,oz,False,0.132,Private,Pantry,False,False
Whole Milk,"Publix Publix Milk, Whole",,Current price: $2.43,Publix,2026-02-07,2.39,64,oz,True,0.037344,Private,Dairy,False,False
Bananas,"Walmart Fresh Banana, Each",Each,$0.20,Walmart,2026-02-07,0.15,1.0,count,False,0.15,National,Produce,False,False
Chicken Breast,"Walmart Sanderson Farms Fresh Boneless Skinless Chicken Breast Fillets, 25g Protein, 4oz 112g, 1.6 - 3.05lb",1.6 - 3.05lb,$9.74,Walmart,2026-02-07,10.03,25.6,oz,False,0.391797,National,Meat,False,False
Dish Soap,"Walmart Dawn Ultra Liquid Dish Soap, Dishwashing Liquid, Grease Removal, Original, 5.8oz",5.8oz,$0.97,Walmart,2026-02-07,0.93,5.8,oz,False,0.160345,National,Household,False,False
Gala Apples,"Walmart Fresh Gala Apple, Each",Each,$0.73,Walmart,2026-02-07,0.74,1.0,count,False,0.74,National,Produce,False,False
Ground Beef 80/20,"Walmart 80% Lean / 20% Fat Ground Beef Chuck, 1 lb Roll, Fresh, All Natural*",All Natural*,$6.83,Walmart,2026-02-07,6.95,16,oz,False,0.434375,National,Meat,False,False
Iceberg Lettuce,"Walmart Marketside Fresh Shredded Iceberg Lettuce, 8 oz, Bag",Bag,$1.97,Walmart,2026-02-07,1.98,8,oz,False,0.2475,National,Produce,False,False
Large Eggs (12 count),"Walmart Great Value Extra Large White Eggs, 12 Count",12 Count,$2.22,Walmart,2026-02-07,2.17,12.0,count,False,0.180833,National,Dairy,False,False
Salted Butter,"Walmart Land O Lakes Salted Butter in Half Sticks, 4 Half Sticks, 8 oz Pack",8 oz Pack,$2.86,Walmart,2026-02-07,2.87,8.0,count,False,0.35875,National,Dairy,False,False
Spaghetti Pasta,"Walmart Great Value Spaghetti, 16 oz",16 oz,$0.98,Walmart,2026-02-07,0.96,16.0,oz,False,0.06,National,Pantry,False,False
Tomato Sauce,"Walmart Great Value Tomato Sauce, 8 oz Can",8 oz Can,$0.48,Walmart,2026-02-07,0.44,8.0,oz,False,0.055,National,Pantry,False,False
White Bread,"Walmart Great Value White Sandwich Bread, 20 oz",20 oz,$1.54,Walmart,2026-02-07,1.5,20.0,oz,False,0.075,National,Pantry,False,False
Whole Milk,"Walmart Great Value Whole Vitamin D Milk, Gallon, 128 fl oz",128 fl oz,$3.38,Walmart,2026-02-07,3.4,128.0,oz,False,0.026562,National,Dairy,False,False
Bananas,"Bananas, per lb",avg. 0.33 lb/piece  ($0.49/lb),$0.16,Aldi,2026-02-08,0.16,5.28,oz,False,0.030303,National,Produce,False,False
Chicken Breast,"Kirkwood Split Chicken Breasts, per lb",avg. 2.7 lb/package  ($1.99/lb),$5.37,Aldi,2026-02-08,5.38,43.2,oz,False,0.124537,National,Meat,False,False
Dish Soap,"Power Force Original Dishwashing Liquid Detergent, 24 fl oz",24 fl oz,$2.35,Aldi,2026-02-08,2.4,24.0,oz,False,0.1,National,Household,False,False
Gala Apples,"Gala Apples, 3 lb",3 lb,$1.99,Aldi,2026-02-08,2.09,48.0,oz,False,0.043542,National,Produce,False,False
Ground Beef 80/20,"Fresh  80% Lean 20% Fat Ground Beef Patties, 4 count",avg. 1.33 lb/package  ($5.59/lb),$7.43,Aldi,2026-02-08,7.42,21.28,oz,False,0.348684,National,Meat,False,False
Iceberg Lettuce,"Iceberg Lettuce, each",1 each,$2.09,Aldi,2026-02-08,2.22,1.0,count,False,2.22,National,Produce,False,False
Large Eggs (12 count),"Goldhen Free  Range Large Brown Grade A Eggs, 12 count",12 ct,$4.25,Aldi,2026-02-08,4.26,12.0,count,False,0.355,Private,Dairy,False,False
Salted Butter,"Countryside Creamery Salted Butter Sticks, 1 lb",16 oz,$3.29,Aldi,2026-02-08,3.38,16.0,oz,False,0.21125,National,Dairy,False,False
Spaghetti Pasta,"Bon Italia Spaghetti Rings with Meatballs, 15 oz Can",15 oz,$1.09,Aldi,2026-02-08,1.07,15.0,oz,False,0.071333,National,Pantry,False,False
Tomato Sauce,"Happy Harvest Tomato Sauce, 8 oz",8 oz,$0.55,Aldi,2026-02-08,0.59,8.0,oz,False,0.07375,National,Pantry,False,False
White Bread,"L'oven Fresh White Bread,  20 oz",20 oz,$1.55,Aldi,2026-02-08,1.51,20.0,oz,False,0.0755,National,Pantry,False,False
Whole Milk,"Friendly Farms Whole Milk, 0.5 gal",0.5 gal,$2.25,Aldi,2026-02-08,2.27,64.0,oz,False,0.035469,Private,Dairy,False,False
Bananas,Publix Green Banana,About 0.4 lb each,Current price: $0.28 each (estimated),Publix,2026-02-08,0.28,6.4,oz,False,0.04375,Private,Produce,False,False
Chicken Breast,Publix Just Bare Brand Boneless Skinless Chicken Breast Fillets,1.13 lb,Current price: $9.43,Publix,2026-02-08,9.43,18.08,oz,False,0.521571,National,Meat,False,False
Dish Soap,"Publix Dawn Ultra Dishwashing Liquid Dish Soap, Original Scent",7.5 fl oz,Current price: $2.09,Publix,2026-02-08,2.06,7.5,oz,False,0.274667,Private,Household,False,False
Gala Apples,Publix Gala Apple,About 0.54 lb each,Current price: $1.59 each (estimated),Publix,2026-02-08,1.59,8.64,oz,False,0.184028,Private,Produce,False,False
Ground Beef 80/20,Publix Publix Market Ground Beef,About 1.15 lb / package,Current price: $8.91 per package (estimated),Publix,2026-02-08,8.91,18.4,oz,False,0.484239,Private,Meat,False,False
Iceberg Lettuce,Publix Iceberg Lettuce,,Current price: $2.97,Publix,2026-02-08,2.99,16,oz,True,0.186875,Private,Produce,False,False
Large Eggs (12 count),"Publix Publix Eggs, Large",12 ct,Current price: $2.43,Publix,2026-02-08,2.45,12.0,count,False,0.204167,Private,Dairy,False,False
Salted Butter,"Publix Publix Butter, Salted, Sweet Cream",8 oz,Current price: $3.87,Publix,2026-02-08,3.35,8.0,oz,False,0.41875,Private,Dairy,False,False
Spaghetti Pasta,"Publix Publix Spaghetti, Thin",16 oz,Current price: $1.37,Publix,2026-02-08,1.4,16.0,oz,False,0.0875,Private,Pantry,False,False
Tomato Sauce,Publix Contadina Tomato Sauce,14.5 oz,Current price: $1.97,Publix,2026-02-08,1.71,14.5,oz,False,0.117931,National,Pantry,False,False
White Bread,"Publix Publix Bread, Enriched, Large White",20 oz,Current price: $2.65,Publix,2026-02-08,2.62,20.0,oz,False,0.131,Private,Pantry,False,False
Whole Milk,"Publix Publix Milk, Whole",,Current price: $2.43,Publix,2026-02-08,2.38,64,oz,True,0.037187,Private,Dairy,False,False
Bananas,"Walmart Fresh Banana, Each",Each,$0.20,Walmart,2026-02-08,0.22,1.0,count,False,0.22,National,Produce,False,False
Chicken Breast,"Walmart Sanderson Farms Fresh Boneless Skinless Chicken Breast Fillets, 25g Protein, 4oz 112g, 1.6 - 3.05lb",1.6 - 3.05lb,$9.74,Walmart,2026-02-08,10.0,25.6,oz,False,0.390625,National,Meat,False,False
Dish Soap,"Walmart Dawn Ultra Liquid Dish Soap, Dishwashing Liquid, Grease Removal, Original, 5.8oz",5.8oz,$0.97,Walmart,2026-02-08,0.98,5.8,oz,False,0.168966,National,Household,False,False
Gala Apples,"Walmart Fresh Gala Apple, Each",Each,$0.73,Walmart,2026-02-08,0.74,1.0,count,False,0.74,National,Produce,False,False
Ground Beef 80/20,"Walmart 80% Lean / 20% Fat Ground Beef Chuck, 1 lb Roll, Fresh, All Natural*",All Natural*,$6.83,Walmart,2026-02-08,6.98,16,oz,False,0.43625,National,Meat,False,False
Iceberg Lettuce,"Walmart Marketside Fresh Shredded Iceberg Lettuce, 8 oz, Bag",Bag,$1.97,Walmart,2026-02-08,1.95,8,oz,False,0.24375,National,Produce,False,False
Large Eggs (12 count),"Walmart Great Value Extra Large White Eggs, 12 Count",12 Count,$2.22,Walmart,2026-02-08,2.24,12.0,count,False,0.186667,National,Dairy,False,False
Salted Butter,"Walmart Land O Lakes Salted Butter in Half Sticks, 4 Half Sticks, 8 oz Pack",8 oz Pack,$2.86,Walmart,2026-02-08,2.9,8.0,count,False,0.3625,National,Dairy,False,False
Spaghetti Pasta,"Walmart Great Value Spaghetti, 16 oz",16 oz,$0.98,Walmart,2026-02-08,0.99,16.0,oz,False,0.061875,National,Pantry,False,False
Tomato Sauce,"Walmart Great Value Tomato Sauce, 8 oz Can",8 oz Can,$0.48,Walmart,2026-02-08,0.47,8.0,oz,False,0.05875,National,Pantry,False,False
White Bread,"Walmart Great Value White Sandwich Bread, 20 oz",20 oz,$1.54,Walmart,2026-02-08,1.52,20.0,oz,False,0.076,National,Pantry,False,False
Whole Milk,"Walmart Great Value Whole Vitamin D Milk, Gallon, 128 fl oz",128 fl oz,$3.38,Walmart,2026-02-08,3.38,128.0,oz,False,0.026406,National,Dairy,False,False
Bananas,"Bananas, per lb",avg. 0.33 lb/piece  ($0.49/lb),$0.16,Aldi,2026-02-09,0.21,5.28,oz,False,0.039773,National,Produce,False,False
Chicken Breast,"Kirkwood Split Chicken Breasts, per lb",avg. 2.7 lb/package  ($1.99/lb),$5.37,Aldi,2026-02-09,5.37,43.2,oz,False,0.124306,National,Meat,False,False
Dish Soap,"Power Force Original Dishwashing Liquid Detergent, 24 fl oz",24 fl oz,$2.35,Aldi,2026-02-09,2.35,24.0,oz,False,0.097917,National,Household,False,False
Gala Apples,"Gala Apples, 3 lb",3 lb,$1.99,Aldi,2026-02-09,2.1,48.0,oz,False,0.04375,National,Produce,False,False
Ground Beef 80/20,"Fresh  80% Lean 20% Fat Ground Beef Patties, 4 count",avg. 1.33 lb/package  ($5.59/lb),$7.43,Aldi,2026-02-09,7.41,21.28,oz,False,0.348214,National,Meat,False,False
Iceberg Lettuce,"Iceberg Lettuce, each",1 each,$2.09,Aldi,2026-02-09,2.23,1.0,count,False,2.23,National,Produce,False,False
Large Eggs (12 count),"Goldhen Free  Range Large Brown Grade A Eggs, 12 count",12 ct,$4.25,Aldi,2026-02-09,4.28,12.0,count,False,0.356667,Private,Dairy,False,False
Salted Butter,"Countryside Creamery Salted Butter Sticks, 1 lb",16 oz,$3.29,Aldi,2026-02-09,3.39,16.0,oz,False,0.211875,National,Dairy,False,False
Spaghetti Pasta,"Bon Italia Spaghetti Rings with Meatballs, 15 oz Can",15 oz,$1.09,Aldi,2026-02-09,1.09,15.0,oz,False,0.072667,National,Pantry,False,False
Tomato Sauce,"Happy Harvest Tomato Sauce, 8 oz",8 oz,$0.55,Aldi,2026-02-09,0.59,8.0,oz,False,0.07375,National,Pantry,False,False
White Bread,"L'oven Fresh White Bread,  20 oz",20 oz,$1.55,Aldi,2026-02-09,1.55,20.0,oz,False,0.0775,National,Pantry,False,False
Whole Milk,"Friendly Farms Whole Milk, 0.5 gal",0.5 gal,$2.25,Aldi,2026-02-09,2.27,64.0,oz,False,0.035469,Private,Dairy,False,False
Bananas,Publix Green Banana,About 0.4 lb each,Current price: $0.28 each (estimated),Publix,2026-02-09,0.26,6.4,oz,False,0.040625,Private,Produce,False,False
Chicken Breast,Publix Just Bare Brand Boneless Skinless Chicken Breast Fillets,1.13 lb,Current price: $9.43,Publix,2026-02-09,9.46,18.08,oz,False,0.52323,National,Meat,False,False
Dish Soap,"Publix Dawn Ultra Dishwashing Liquid Dish Soap, Original Scent",7.5 fl oz,Current price: $2.09,Publix,2026-02-09,2.05,7.5,oz,False,0.273333,Private,Household,False,False
Gala Apples,Publix Gala Apple,About 0.54 lb each,Current price: $1.59 each (estimated),Publix,2026-02-09,1.6,8.64,oz,False,0.185185,Private,Produce,False,False
Ground Beef 80/20,Publix Publix Market Ground Beef,About 1.15 lb / package,Current price: $8.91 per package (estimated),Publix,2026-02-09,8.87,18.4,oz,False,0.482065,Private,Meat,False,False
Iceberg Lettuce,Publix Iceberg Lettuce,,Current price: $2.97,Publix,2026-02-09,2.95,16,oz,True,0.184375,Private,Produce,False,False
Large Eggs (12 count),"Publix Publix Eggs, Large",12 ct,Current price: $2.43,Publix,2026-02-09,2.44,12.0,count,False,0.203333,Private,Dairy,False,False
Salted Butter,"Publix Publix Butter, Salted, Sweet Cream",8 oz,Current price: $3.87,Publix,2026-02-09,3.29,8.0,oz,False,0.41125,Private,Dairy,False,False
Spaghetti Pasta,"Publix Publix Spaghetti, Thin",16 oz,Current price: $1.37,Publix,2026-02-09,1.37,16.0,oz,False,0.085625,Private,Pantry,False,False
Tomato Sauce,Publix Contadina Tomato Sauce,14.5 oz,Current price: $1.97,Publix,2026-02-09,1.66,14.5,oz,False,0.114483,National,Pantry,False,False
White Bread,"Publix Publix Bread, Enriched, Large White",20 oz,Current price: $2.65,Publix,2026-02-09,2.61,20.0,oz,False,0.1305,Private,Pantry,False,False
Whole Milk,"Publix Publix Milk, Whole",,Current price: $2.43,Publix,2026-02-09,2.43,64,oz,True,0.037969,Private,Dairy,False,False
Bananas,"Walmart Fresh Banana, Each",Each,$0.20,Walmart,2026-02-09,0.17,1.0,count,False,0.17,National,Produce,False,False
Chicken Breast,"Walmart Sanderson Farms Fresh Boneless Skinless Chicken Breast Fillets, 25g Protein, 4oz 112g, 1.6 - 3.05lb",1.6 - 3.05lb,$9.74,Walmart,2026-02-09,10.1,25.6,oz,False,0.394531,National,Meat,False,False
Dish Soap,"Walmart Dawn Ultra Liquid Dish Soap, Dishwashing Liquid, Grease Removal, Original, 5.8oz",5.8oz,$0.97,Walmart,2026-02-09,0.92,5.8,oz,False,0.158621,National,Household,False,False
Gala Apples,"Walmart Fresh Gala Apple, Each",Each,$0.73,Walmart,2026-02-09,0.72,1.0,count,False,0.72,National,Produce,False,False
Ground Beef 80/20,"Walmart 80% Lean / 20% Fat Ground Beef Chuck, 1 lb Roll, Fresh, All Natural*",All Natural*,$6.83,Walmart,2026-02-09,7.0,16,oz,False,0.4375,National,Meat,False,False
Iceberg Lettuce,"Walmart Marketside Fresh Shredded Iceberg Lettuce, 8 oz, Bag",Bag,$1.97,Walmart,2026-02-09,1.96,8,oz,False,0.245,National,Produce,False,False
Large Eggs (12 count),"Walmart Great Value Extra Large White Eggs, 12 Count",12 Count,$2.22,Walmart,2026-02-09,2.24,12.0,count,False,0.186667,National,Dairy,False,False
Salted Butter,"Walmart Land O Lakes Salted Butter in Half Sticks, 4 Half Sticks, 8 oz Pack",8 oz Pack,$2.86,Walmart,2026-02-09,2.91,8.0,count,False,0.36375,National,Dairy,False,False
Spaghetti Pasta,"Walmart Great Value Spaghetti, 16 oz",16 oz,$0.98,Walmart,2026-02-09,0.98,16.0,oz,False,0.06125,National,Pantry,False,False
Tomato Sauce,"Walmart Great Value Tomato Sauce, 8 oz Can",8 oz Can,$0.48,Walmart,2026-02-09,0.5,8.0,oz,False,0.0625,National,Pantry,False,False
White Bread,"Walmart Great Value White Sandwich Bread, 20 oz",20 oz,$1.54,Walmart,2026-02-09,1.51,20.0,oz,False,0.0755,National,Pantry,False,False
Whole Milk,"Walmart Great Value Whole Vitamin D Milk, Gallon, 128 fl oz",128 fl oz,$3.38,Walmart,2026-02-09,3.36,128.0,oz,False,0.02625,National,Dairy,False,False
Bananas,"Bananas, per lb",avg. 0.33 lb/piece  ($0.49/lb),$0.16,Aldi,2026-02-10,0.2,5.28,oz,False,0.037879,National,Produce,False,False
Chicken Breast,"Kirkwood Split Chicken Breasts, per lb",avg. 2.7 lb/package  ($1.99/lb),$5.37,Aldi,2026-02-10,5.39,43.2,oz,False,0.124769,National,Meat,False,False
Dish Soap,"Power Force Original Dishwashing Liquid Detergent, 24 fl oz",24 fl oz,$2.35,Aldi,2026-02-10,2.39,24.0,oz,False,0.099583,National,Household,False,False
Gala Apples,"Gala Apples, 3 lb",3 lb,$1.99,Aldi,2026-02-10,2.06,48.0,oz,False,0.042917,National,Produce,False,False
Ground Beef 80/20,"Fresh  80% Lean 20% Fat Ground Beef Patties, 4 count",avg. 1.33 lb/package  ($5.59/lb),$7.43,Aldi,2026-02-10,7.4,21.28,oz,False,0.347744,National,Meat,False,False
Iceberg Lettuce,"Iceberg Lettuce, each",1 each,$2.09,Aldi,2026-02-10,2.32,1.0,count,False,2.32,National,Produce,False,False
Large Eggs (12 count),"Goldhen Free  Range Large Brown Grade A Eggs, 12 count",12 ct,$4.25,Aldi,2026-02-10,4.26,12.0,count,False,0.355,Private,Dairy,False,False
Salted Butter,"Countryside Creamery Salted Butter Sticks, 1 lb",16 oz,$3.29,Aldi,2026-02-10,3.44,16.0,oz,False,0.215,National,Dairy,False,False
Spaghetti Pasta,"Bon Italia Spaghetti Rings with Meatballs, 15 oz Can",15 oz,$1.09,Aldi,2026-02-10,1.13,15.0,oz,False,0.075333,National,Pantry,False,False
Tomato Sauce,"Happy Harvest Tomato Sauce, 8 oz",8 oz,$0.55,Aldi,2026-02-10,0.6,8.0,oz,False,0.075,National,Pantry,False,False
White Bread,"L'oven Fresh White Bread,  20 oz",20 oz,$1.55,Aldi,2026-02-10,1.6,20.0,oz,False,0.08,National,Pantry,False,False
Whole Milk,"Friendly Farms Whole Milk, 0.5 gal",0.5 gal,$2.25,Aldi,2026-02-10,2.29,64.0,oz,False,0.035781,Private,Dairy,False,False
Bananas,Publix Green Banana,About 0.4 lb each,Current price: $0.28 each (estimated),Publix,2026-02-10,0.26,6.4,oz,False,0.040625,Private,Produce,False,False
Chicken Breast,Publix Just Bare Brand Boneless Skinless Chicken Breast Fillets,1.13 lb,Current price: $9.43,Publix,2026-02-10,9.39,18.08,oz,False,0.519358,National,Meat,False,False
Dish Soap,"Publix Dawn Ultra Dishwashing Liquid Dish Soap, Original Scent",7.5 fl oz,Current price: $2.09,Publix,2026-02-10,2.04,7.5,oz,False,0.272,Private,Household,False,False
Gala Apples,Publix Gala Apple,About 0.54 lb each,Current price: $1.59 each (estimated),Publix,2026-02-10,1.58,8.64,oz,False,0.18287,Private,Produce,False,False
Ground Beef 80/20,Publix Publix Market Ground Beef,About 1.15 lb / package,Current price: $8.91 per package (estimated),Publix,2026-02-10,8.86,18.4,oz,False,0.481522,Private,Meat,False,False
Iceberg Lettuce,Publix Iceberg Lettuce,,Current price: $2.97,Publix,2026-02-10,2.95,16,oz,True,0.184375,Private,Produce,False,False
Large Eggs (12 count),"Publix Publix Eggs, Large",12 ct,Current price: $2.43,Publix,2026-02-10,2.39,12.0,count,False,0.199167,Private,Dairy,False,False
Salted Butter,"Publix Publix Butter, Salted, Sweet Cream",8 oz,Current price: $3.87,Publix,2026-02-10,3.24,8.0,oz,False,0.405,Private,Dairy,False,False
Spaghetti Pasta,"Publix Publix Spaghetti, Thin",16 oz,Current price: $1.37,Publix,2026-02-10,1.41,16.0,oz,False,0.088125,Private,Pantry,False,False
Tomato Sauce,Publix Contadina Tomato Sauce,14.5 oz,Current price: $1.97,Publix,2026-02-10,1.55,14.5,oz,False,0.106897,National,Pantry,False,False
White Bread,"Publix Publix Bread, Enriched, Large White",20 oz,Current price: $2.65,Publix,2026-02-10,2.69,20.0,oz,False,0.1345,Private,Pantry,False,False
Whole Milk,"Publix Publix Milk, Whole",,Current price: $2.43,Publix,2026-02-10,2.48,64,oz,True,0.03875,Private,Dairy,False,False
Bananas,"Walmart Fresh Banana, Each",Each,$0.20,Walmart,2026-02-10,0.19,1.0,count,False,0.19,National,Produce,False,False
Chicken Breast,"Walmart Sanderson Farms Fresh Boneless Skinless Chicken Breast Fillets, 25g Protein, 4oz 112g, 1.6 - 3.05lb",1.6 - 3.05lb,$9.74,Walmart,2026-02-10,10.17,25.6,oz,False,0.397266,National,Meat,False,False
Dish Soap,"Walmart Dawn Ultra Liquid Dish Soap, Dishwashing Liquid, Grease Removal, Original, 5.8oz",5.8oz,$0.97,Walmart,2026-02-10,0.99,5.8,oz,False,0.17069,National,Household,False,False
Gala Apples,"Walmart Fresh Gala Apple, Each",Each,$0.73,Walmart,2026-02-10,0.71,1.0,count,False,0.71,National,Produce,False,False
Ground Beef 80/20,"Walmart 80% Lean / 20% Fat Ground Beef Chuck, 1 lb Roll, Fresh, All Natural*",All Natural*,$6.83,Walmart,2026-02-10,7.05,16,oz,False,0.440625,National,Meat,False,False
Iceberg Lettuce,"Walmart Marketside Fresh Shredded Iceberg Lettuce, 8 oz, Bag",Bag,$1.97,Walmart,2026-02-10,1.98,8,oz,False,0.2475,National,Produce,False,False
Large Eggs (12 count),"Walmart Great Value Extra Large White Eggs, 12 Count",12 Count,$2.22,Walmart,2026-02-10,2.25,12.0,count,False,0.1875,National,Dairy,False,False
Salted Butter,"Walmart Land O Lakes Salted Butter in Half Sticks, 4 Half Sticks, 8 oz Pack",8 oz Pack,$2.86,Walmart,2026-02-10,2.88,8.0,count,False,0.36,National,Dairy,False,False
Spaghetti Pasta,"Walmart Great Value Spaghetti, 16 oz",16 oz,$0.98,Walmart,2026-02-10,0.96,16.0,oz,False,0.06,National,Pantry,False,False
Tomato Sauce,"Walmart Great Value Tomato Sauce, 8 oz Can",8 oz Can,$0.48,Walmart,2026-02-10,0.51,8.0,oz,False,0.06375,National,Pantry,False,False
White Bread,"Walmart Great Value White Sandwich Bread, 20 oz",20 oz,$1.54,Walmart,2026-02-10,1.56,20.0,oz,False,0.078,National,Pantry,False,False
Whole Milk,"Walmart Great Value Whole Vitamin D Milk, Gallon, 128 fl oz",128 fl oz,$3.38,Walmart,2026-02-10,3.41,128.0,oz,False,0.026641,National,Dairy,False,False
Bananas,"Bananas, per lb",avg. 0.33 lb/piece  ($0.49/lb),$0.16,Aldi,2026-02-11,0.11,5.28,oz,False,0.020833,National,Produce,False,False
Chicken Breast,"Kirkwood Split Chicken Breasts, per lb",avg. 2.7 lb/package  ($1.99/lb),$5.37,Aldi,2026-02-11,5.33,43.2,oz,False,0.12338,National,Meat,False,False
Dish Soap,"Power Force Original Dishwashing Liquid Detergent, 24 fl oz",24 fl oz,$2.35,Aldi,2026-02-11,2.31,24.0,oz,False,0.09625,National,Household,False,False
Gala Apples,"Gala Apples, 3 lb",3 lb,$1.99,Aldi,2026-02-11,2.05,48.0,oz,False,0.042708,National,Produce,False,False
Ground Beef 80/20,"Fresh  80% Lean 20% Fat Ground Beef Patties, 4 count",avg. 1.33 lb/package  ($5.59/lb),$7.43,Aldi,2026-02-11,7.47,21.28,oz,False,0.351034,National,Meat,False,False
Iceberg Lettuce,"Iceberg Lettuce, each",1 each,$2.09,Aldi,2026-02-11,2.31,1.0,count,False,2.31,National,Produce,False,False
Large Eggs (12 count),"Goldhen Free  Range Large Brown Grade A Eggs, 12 count",12 ct,$4.25,Aldi,2026-02-11,4.29,12.0,count,False,0.3575,Private,Dairy,False,False
Salted Butter,"Countryside Creamery Salted Butter Sticks, 1 lb",16 oz,$3.29,Aldi,2026-02-11,3.46,16.0,oz,False,0.21625,National,Dairy,False,False
Spaghetti Pasta,"Bon Italia Spaghetti Rings with Meatballs, 15 oz Can",15 oz,$1.09,Aldi,2026-02-11,1.12,15.0,oz,False,0.074667,National,Pantry,False,False
Tomato Sauce,"Happy Harvest Tomato Sauce, 8 oz",8 oz,$0.55,Aldi,2026-02-11,0.58,8.0,oz,False,0.0725,National,Pantry,False,False
White Bread,"L'oven Fresh White Bread,  20 oz",20 oz,$1.55,Aldi,2026-02-11,1.6,20.0,oz,False,0.08,National,Pantry,False,False
Whole Milk,"Friendly Farms Whole Milk, 0.5 gal",0.5 gal,$2.25,Aldi,2026-02-11,2.21,64.0,oz,False,0.034531,Private,Dairy,False,False
Bananas,Publix Green Banana,About 0.4 lb each,Current price: $0.28 each (estimated),Publix,2026-02-11,0.33,6.4,oz,False,0.051562,Private,Produce,False,False
Chicken Breast,Publix Just Bare Brand Boneless Skinless Chicken Breast Fillets,1.13 lb,Current price: $9.43,Publix,2026-02-11,9.42,18.08,oz,False,0.521018,National,Meat,False,False
Dish Soap,"Publix Dawn Ultra Dishwashing Liquid Dish Soap, Original Scent",7.5 fl oz,Current price: $2.09,Publix,2026-02-11,2.09,7.5,oz,False,0.278667,Private,Household,False,False
Gala Apples,Publix Gala Apple,About 0.54 lb each,Current price: $1.59 each (estimated),Publix,2026-02-11,1.54,8.64,oz,False,0.178241,Private,Produce,False,False
Ground Beef 80/20,Publix Publix Market Ground Beef,About 1.15 lb / package,Current price: $8.91 per package (estimated),Publix,2026-02-11,8.9,18.4,oz,False,0.483696,Private,Meat,False,False
Iceberg Lettuce,Publix Iceberg Lettuce,,Current price: $2.97,Publix,2026-02-11,2.93,16,oz,True,0.183125,Private,Produce,False,False
Large Eggs (12 count),"Publix Publix Eggs, Large",12 ct,Current price: $2.43,Publix,2026-02-11,2.46,12.0,count,False,0.205,Private,Dairy,False,False
Salted Butter,"Publix Publix Butter, Salted, Sweet Cream",8 oz,Current price: $3.87,Publix,2026-02-11,3.12,8.0,oz,False,0.39,Private,Dairy,False,False
Spaghetti Pasta,"Publix Publix Spaghetti, Thin",16 oz,Current price: $1.37,Publix,2026-02-11,1.39,16.0,oz,False,0.086875,Private,Pantry,False,False
Tomato Sauce,Publix Contadina Tomato Sauce,14.5 oz,Current price: $1.97,Publix,2026-02-11,1.53,14.5,oz,False,0.105517,National,Pantry,False,False
White Bread,"Publix Publix Bread, Enriched, Large White",20 oz,Current price: $2.65,Publix,2026-02-11,2.65,20.0,oz,False,0.1325,Private,Pantry,False,False
Whole Milk,"Publix Publix Milk, Whole",,Current price: $2.43,Publix,2026-02-11,2.41,64,oz,True,0.037656,Private,Dairy,False,False
Bananas,"Walmart Fresh Banana, Each",Each,$0.20,Walmart,2026-02-11,0.22,1.0,count,False,0.22,National,Produce,False,False
Chicken Breast,"Walmart Sanderson Farms Fresh Boneless Skinless Chicken Breast Fillets, 25g Protein, 4oz 112g, 1.6 - 3.05lb",1.6 - 3.05lb,$9.74,Walmart,2026-02-11,10.28,25.6,oz,False,0.401562,National,Meat,False,False
Dish Soap,"Walmart Dawn Ultra Liquid Dish Soap, Dishwashing Liquid, Grease Removal, Original, 5.8oz",5.8oz,$0.97,Walmart,2026-02-11,0.94,5.8,oz,False,0.162069,National,Household,False,False
Gala Apples,"Walmart Fresh Gala Apple, Each",Each,$0.73,Walmart,2026-02-11,0.76,1.0,count,False,0.76,National,Produce,False,False
Ground Beef 80/20,"Walmart 80% Lean / 20% Fat Ground Beef Chuck, 1 lb Roll, Fresh, All Natural*",All Natural*,$6.83,Walmart,2026-02-11,7.09,16,oz,False,0.443125,National,Meat,False,False
Iceberg Lettuce,"Walmart Marketside Fresh Shredded Iceberg Lettuce, 8 oz, Bag",Bag,$1.97,Walmart,2026-02-11,1.99,8,oz,False,0.24875,National,Produce,False,False
Large Eggs (12 count),"Walmart Great Value Extra Large White Eggs, 12 Count",12 Count,$2.22,Walmart,2026-02-11,2.21,12.0,count,False,0.184167,National,Dairy,False,False
Salted Butter,"Walmart Land O Lakes Salted Butter in Half Sticks, 4 Half Sticks, 8 oz Pack",8 oz Pack,$2.86,Walmart,2026-02-11,2.85,8.0,count,False,0.35625,National,Dairy,False,False
Spaghetti Pasta,"Walmart Great Value Spaghetti, 16 oz",16 oz,$0.98,Walmart,2026-02-11,1.03,16.0,oz,False,0.064375,National,Pantry,False,False
Tomato Sauce,"Walmart Great Value Tomato Sauce, 8 oz Can",8 oz Can,$0.48,Walmart,2026-02-11,0.52,8.0,oz,False,0.065,National,Pantry,False,False
White Bread,"Walmart Great Value White Sandwich Bread, 20 oz",20 oz,$1.54,Walmart,2026-02-11,1.49,20.0,oz,False,0.0745,National,Pantry,False,False
Whole Milk,"Walmart Great Value Whole Vitamin D Milk, Gallon, 128 fl oz",128 fl oz,$3.38,Walmart,2026-02-11,3.43,128.0,oz,False,0.026797,National,Dairy,False,False
Bananas,"Bananas, per lb",avg. 0.33 lb/piece  ($0.49/lb),$0.16,Aldi,2026-02-12,0.18,5.28,oz,False,0.034091,National,Produce,False,False
Chicken Breast,"Kirkwood Split Chicken Breasts, per lb",avg. 2.7 lb/package  ($1.99/lb),$5.37,Aldi,2026-02-12,5.38,43.2,oz,False,0.124537,National,Meat,False,False
Dish Soap,"Power Force Original Dishwashing Liquid Detergent, 24 fl oz",24 fl oz,$2.35,Aldi,2026-02-12,2.4,24.0,oz,False,0.1,National,Household,False,False
Gala Apples,"Gala Apples, 3 lb",3 lb,$1.99,Aldi,2026-02-12,2.15,48.0,oz,False,0.044792,National,Produce,False,False
Ground Beef 80/20,"Fresh  80% Lean 20% Fat Ground Beef Patties, 4 count",avg. 1.33 lb/package  ($5.59/lb),$7.43,Aldi,2026-02-12,7.42,21.28,oz,False,0.348684,National,Meat,False,False
Iceberg Lettuce,"Iceberg Lettuce, each",1 each,$2.09,Aldi,2026-02-12,2.41,1.0,count,False,2.41,National,Produce,False,False
Large Eggs (12 count),"Goldhen Free  Range Large Brown Grade A Eggs, 12 count",12 ct,$4.25,Aldi,2026-02-12,4.26,12.0,count,False,0.355,Private,Dairy,False,False
Salted Butter,"Countryside Creamery Salted Butter Sticks, 1 lb",16 oz,$3.29,Aldi,2026-02-12,3.48,16.0,oz,False,0.2175,National,Dairy,False,False
Spaghetti Pasta,"Bon Italia Spaghetti Rings with Meatballs, 15 oz Can",15 oz,$1.09,Aldi,2026-02-12,1.05,15.0,oz,False,0.07,National,Pantry,False,False
Tomato Sauce,"Happy Harvest Tomato Sauce, 8 oz",8 oz,$0.55,Aldi,2026-02-12,0.59,8.0,oz,False,0.07375,National,Pantry,False,False
White Bread,"L'oven Fresh White Bread,  20 oz",20 oz,$1.55,Aldi,2026-02-12,1.51,20.0,oz,False,0.0755,National,Pantry,False,False
Whole Milk,"Friendly Farms Whole Milk, 0.5 gal",0.5 gal,$2.25,Aldi,2026-02-12,2.24,64.0,oz,False,0.035,Private,Dairy,False,False
Bananas,Publix Green Banana,About 0.4 lb each,Current price: $0.28 each (estimated),Publix,2026-02-12,0.27,6.4,oz,False,0.042188,Private,Produce,False,False
Chicken Breast,Publix Just Bare Brand Boneless Skinless Chicken Breast Fillets,1.13 lb,Current price: $9.43,Publix,2026-02-12,9.44,18.08,oz,False,0.522124,National,Meat,False,False
Dish Soap,"Publix Dawn Ultra Dishwashing Liquid Dish Soap, Original Scent",7.5 fl oz,Current price: $2.09,Publix,2026-02-12,2.1,7.5,oz,False,0.28,Private,Household,False,False
Gala Apples,Publix Gala Apple,About 0.54 lb each,Current price: $1.59 each (estimated),Publix,2026-02-12,1.63,8.64,oz,False,0.188657,Private,Produce,False,False
Ground Beef 80/20,Publix Publix Market Ground Beef,About 1.15 lb / package,Current price: $8.91 per package (estimated),Publix,2026-02-12,8.89,18.4,oz,False,0.483152,Private,Meat,False,False
Iceberg Lettuce,Publix Iceberg Lettuce,,Current price: $2.97,Publix,2026-02-12,2.94,16,oz,True,0.18375,Private,Produce,False,False
Large Eggs (12 count),"Publix Publix Eggs, Large",12 ct,Current price: $2.43,Publix,2026-02-12,2.47,12.0,count,False,0.205833,Private,Dairy,False,False
Salted Butter,"Publix Publix Butter, Salted, Sweet Cream",8 oz,Current price: $3.87,Publix,2026-02-12,3.05,8.0,oz,False,0.38125,Private,Dairy,False,False
Spaghetti Pasta,"Publix Publix Spaghetti, Thin",16 oz,Current price: $1.37,Publix,2026-02-12,1.37,16.0,oz,False,0.085625,Private,Pantry,False,False
Tomato Sauce,Publix Contadina Tomato Sauce,14.5 oz,Current price: $1.97,Publix,2026-02-12,1.45,14.5,oz,False,0.1,National,Pantry,False,False
White Bread,"Publix Publix Bread, Enriched, Large White",20 oz,Current price: $2.65,Publix,2026-02-12,2.68,20.0,oz,False,0.134,Private,Pantry,False,False
Whole Milk,"Publix Publix Milk, Whole",,Current price: $2.43,Publix,2026-02-12,2.45,64,oz,True,0.038281,Private,Dairy,False,False
Bananas,"Walmart Fresh Banana, Each",Each,$0.20,Walmart,2026-02-12,0.2,1.0,count,False,0.2,National,Produce,False,False
Chicken Breast,"Walmart Sanderson Farms Fresh Boneless Skinless Chicken Breast Fillets, 25g Protein, 4oz 112g, 1.6 - 3.05lb",1.6 - 3.05lb,$9.74,Walmart,2026-02-12,10.33,25.6,oz,False,0.403516,National,Meat,False,False
Dish Soap,"Walmart Dawn Ultra Liquid Dish Soap, Dishwashing Liquid, Grease Removal, Original, 5.8oz",5.8oz,$0.97,Walmart,2026-02-12,0.96,5.8,oz,False,0.165517,National,Household,False,False
Gala Apples,"Walmart Fresh Gala Apple, Each",Each,$0.73,Walmart,2026-02-12,0.7,1.0,count,False,0.7,National,Produce,False,False
Ground Beef 80/20,"Walmart 80% Lean / 20% Fat Ground Beef Chuck, 1 lb Roll, Fresh, All Natural*",All Natural*,$6.83,Walmart,2026-02-12,7.03,16,oz,False,0.439375,National,Meat,False,False
Iceberg Lettuce,"Walmart Marketside Fresh Shredded Iceberg Lettuce, 8 oz, Bag",Bag,$1.97,Walmart,2026-02-12,1.93,8,oz,False,0.24125,National,Produce,False,False
Large Eggs (12 count),"Walmart Great Value Extra Large White Eggs, 12 Count",12 Count,$2.22,Walmart,2026-02-12,2.24,12.0,count,False,0.186667,National,Dairy,False,False
Salted Butter,"Walmart Land O Lakes Salted Butter in Half Sticks, 4 Half Sticks, 8 oz Pack",8 oz Pack,$2.86,Walmart,2026-02-12,2.82,8.0,count,False,0.3525,National,Dairy,False,False
Spaghetti Pasta,"Walmart Great Value Spaghetti, 16 oz",16 oz,$0.98,Walmart,2026-02-12,0.98,16.0,oz,False,0.06125,National,Pantry,False,False
Tomato Sauce,"Walmart Great Value Tomato Sauce, 8 oz Can",8 oz Can,$0.48,Walmart,2026-02-12,0.5,8.0,oz,False,0.0625,National,Pantry,False,False
White Bread,"Walmart Great Value White Sandwich Bread, 20 oz",20 oz,$1.54,Walmart,2026-02-12,1.49,20.0,oz,False,0.0745,National,Pantry,False,False
Whole Milk,"Walmart Great Value Whole Vitamin D Milk, Gallon, 128 fl oz",128 fl oz,$3.38,Walmart,2026-02-12,3.35,128.0,oz,False,0.026172,National,Dairy,False,False
Bananas,"Bananas, per lb",avg. 0.33 lb/piece  ($0.49/lb),$0.16,Aldi,2026-02-13,0.18,5.28,oz,False,0.034091,National,Produce,False,False
Chicken Breast,"Kirkwood Split Chicken Breasts, per lb",avg. 2.7 lb/package  ($1.99/lb),$5.37,Aldi,2026-02-13,5.37,43.2,oz,False,0.124306,National,Meat,False,False
Dish Soap,"Power Force Original Dishwashing Liquid Detergent, 24 fl oz",24 fl oz,$2.35,Aldi,2026-02-13,2.32,24.0,oz,False,0.096667,National,Household,False,False
Gala Apples,"Gala Apples, 3 lb",3 lb,$1.99,Aldi,2026-02-13,2.17,48.0,oz,False,0.045208,National,Produce,False,False
Ground Beef 80/20,"Fresh  80% Lean 20% Fat Ground Beef Patties, 4 count",avg. 1.33 lb/package  ($5.59/lb),$7.43,Aldi,2026-02-13,7.47,21.28,oz,False,0.351034,National,Meat,False,False
Iceberg Lettuce,"Iceberg Lettuce, each",1 each,$2.09,Aldi,2026-02-13,2.43,1.0,count,False,2.43,National,Produce,False,False
Large Eggs (12 count),"Goldhen Free  Range Large Brown Grade A Eggs, 12 count",12 ct,$4.25,Aldi,2026-02-13,4.27,12.0,count,False,0.355833,Private,Dairy,False,False
Salted Butter,"Countryside Creamery Salted Butter Sticks, 1 lb",16 oz,$3.29,Aldi,2026-02-13,3.57,16.0,oz,False,0.223125,National,Dairy,False,False
Spaghetti Pasta,"Bon Italia Spaghetti Rings with Meatballs, 15 oz Can",15 oz,$1.09,Aldi,2026-02-13,1.08,15.0,oz,False,0.072,National,Pantry,False,False
Tomato Sauce,"Happy Harvest Tomato Sauce, 8 oz",8 oz,$0.55,Aldi,2026-02-13,0.5,8.0,oz,False,0.0625,National,Pantry,False,False
White Bread,"L'oven Fresh White Bread,  20 oz",20 oz,$1.55,Aldi,2026-02-13,1.52,20.0,oz,False,0.076,National,Pantry,False,False
Whole Milk,"Friendly Farms Whole Milk, 0.5 gal",0.5 gal,$2.25,Aldi,2026-02-13,2.2,64.0,oz,False,0.034375,Private,Dairy,False,False
Bananas,Publix Green Banana,About 0.4 lb each,Current price: $0.28 each (estimated),Publix,2026-02-13,0.28,6.4,oz,False,0.04375,Private,Produce,False,False
Chicken Breast,Publix Just Bare Brand Boneless Skinless Chicken Breast Fillets,1.13 lb,Current price: $9.43,Publix,2026-02-13,9.4,18.08,oz,False,0.519912,National,Meat,False,False
Dish Soap,"Publix Dawn Ultra Dishwashing Liquid Dish Soap, Original Scent",7.5 fl oz,Current price: $2.09,Publix,2026-02-13,2.07,7.5,oz,False,0.276,Private,Household,False,False
Gala Apples,Publix Gala Apple,About 0.54 lb each,Current price: $1.59 each (estimated),Publix,2026-02-13,1.56,8.64,oz,False,0.180556,Private,Produce,False,False
Ground Beef 80/20,Publix Publix Market Ground Beef,About 1.15 lb / package,Current price: $8.91 per package (estimated),Publix,2026-02-13,8.89,18.4,oz,False,0.483152,Private,Meat,False,False
Iceberg Lettuce,Publix Iceberg Lettuce,,Current price: $2.97,Publix,2026-02-13,2.93,16,oz,True,0.183125,Private,Produce,False,False
Large Eggs (12 count),"Publix Publix Eggs, Large",12 ct,Current price: $2.43,Publix,2026-02-13,2.44,12.0,count,False,0.203333,Private,Dairy,False,False
Salted Butter,"Publix Publix Butter, Salted, Sweet Cream",8 oz,Current price: $3.87,Publix,2026-02-13,2.92,8.0,oz,False,0.365,Private,Dairy,False,False
Spaghetti Pasta,"Publix Publix Spaghetti, Thin",16 oz,Current price: $1.37,Publix,2026-02-13,1.35,16.0,oz,False,0.084375,Private,Pantry,False,False
Tomato Sauce,Publix Contadina Tomato Sauce,14.5 oz,Current price: $1.97,Publix,2026-02-13,1.39,14.5,oz,False,0.095862,National,Pantry,False,False
White Bread,"Publix Publix Bread, Enriched, Large White",20 oz,Current price: $2.65,Publix,2026-02-13,2.64,20.0,oz,False,0.132,Private,Pantry,False,False
Whole Milk,"Publix Publix Milk, Whole",,Current price: $2.43,Publix,2026-02-13,2.46,64,oz,True,0.038437,Private,Dairy,False,False
Bananas,"Walmart Fresh Banana, Each",Each,$0.20,Walmart,2026-02-13,0.23,1.0,count,False,0.23,National,Produce,False,False
Chicken Breast,"Walmart Sanderson Farms Fresh Boneless Skinless Chicken Breast Fillets, 25g Protein, 4oz 112g, 1.6 - 3.05lb",1.6 - 3.05lb,$9.74,Walmart,2026-02-13,10.32,25.6,oz,False,0.403125,National,Meat,False,False
Dish Soap,"Walmart Dawn Ultra Liquid Dish Soap, Dishwashing Liquid, Grease Removal, Original, 5.8oz",5.8oz,$0.97,Walmart,2026-02-13,0.95,5.8,oz,False,0.163793,National,Household,False,False
Gala Apples,"Walmart Fresh Gala Apple, Each",Each,$0.73,Walmart,2026-02-13,0.72,1.0,count,False,0.72,National,Produce,False,False
Ground Beef 80/20,"Walmart 80% Lean / 20% Fat Ground Beef Chuck, 1 lb Roll, Fresh, All Natural*",All Natural*,$6.83,Walmart,2026-02-13,7.07,16,oz,False,0.441875,National,Meat,False,False
Iceberg Lettuce,"Walmart Marketside Fresh Shredded Iceberg Lettuce, 8 oz, Bag",Bag,$1.97,Walmart,2026-02-13,1.95,8,oz,False,0.24375,National,Produce,False,False
Large Eggs (12 count),"Walmart Great Value Extra Large White Eggs, 12 Count",12 Count,$2.22,Walmart,2026-02-13,2.25,12.0,count,False,0.1875,National,Dairy,False,False
Salted Butter,"Walmart Land O Lakes Salted Butter in Half Sticks, 4 Half Sticks, 8 oz Pack",8 oz Pack,$2.86,Walmart,2026-02-13,2.87,8.0,count,False,0.35875,National,Dairy,False,False
Spaghetti Pasta,"Walmart Great Value Spaghetti, 16 oz",16 oz,$0.98,Walmart,2026-02-13,0.98,16.0,oz,False,0.06125,National,Pantry,False,False
Tomato Sauce,"Walmart Great Value Tomato Sauce, 8 oz Can",8 oz Can,$0.48,Walmart,2026-02-13,0.53,8.0,oz,False,0.06625,National,Pantry,False,False
White Bread,"Walmart Great Value White Sandwich Bread, 20 oz",20 oz,$1.54,Walmart,2026-02-13,1.57,20.0,oz,False,0.0785,National,Pantry,False,False
Whole Milk,"Walmart Great Value Whole Vitamin D Milk, Gallon, 128 fl oz",128 fl oz,$3.38,Walmart,2026-02-13,3.39,128.0,oz,False,0.026484,National,Dairy,False,False
Bananas,"Bananas, per lb",avg. 0.33 lb/piece  ($0.49/lb),$0.16,Aldi,2026-02-14,0.16,5.28,oz,False,0.030303,National,Produce,False,False
Chicken Breast,"Kirkwood Split Chicken Breasts, per lb",avg. 2.7 lb/package  ($1.99/lb),$5.37,Aldi,2026-02-14,5.41,43.2,oz,False,0.125231,National,Meat,False,False
Dish Soap,"Power Force Original Dishwashing Liquid Detergent, 24 fl oz",24 fl oz,$2.35,Aldi,2026-02-14,2.4,24.0,oz,False,0.1,National,Household,False,False
Gala Apples,"Gala Apples, 3 lb",3 lb,$1.99,Aldi,2026-02-14,2.1,48.0,oz,False,0.04375,National,Produce,False,False
Ground Beef 80/20,"Fresh  80% Lean 20% Fat Ground Beef Patties, 4 count",avg. 1.33 lb/package  ($5.59/lb),$7.43,Aldi,2026-02-14,7.44,21.28,oz,False,0.349624,National,Meat,False,False
Iceberg Lettuce,"Iceberg Lettuce, each",1 each,$2.09,Aldi,2026-02-14,2.38,1.0,count,False,2.38,National,Produce,False,False
Large Eggs (12 count),"Goldhen Free  Range Large Brown Grade A Eggs, 12 count",12 ct,$4.25,Aldi,2026-02-14,4.2,12.0,count,False,0.35,Private,Dairy,False,False
Salted Butter,"Countryside Creamery Salted Butter Sticks, 1 lb",16 oz,$3.29,Aldi,2026-02-14,3.59,16.0,oz,False,0.224375,National,Dairy,False,False
Spaghetti Pasta,"Bon Italia Spaghetti Rings with Meatballs, 15 oz Can",15 oz,$1.09,Aldi,2026-02-14,1.07,15.0,oz,False,0.071333,National,Pantry,False,False
Tomato Sauce,"Happy Harvest Tomato Sauce, 8 oz",8 oz,$0.55,Aldi,2026-02-14,0.57,8.0,oz,False,0.07125,National,Pantry,False,False
White Bread,"L'oven Fresh White Bread,  20 oz",20 oz,$1.55,Aldi,2026-02-14,1.53,20.0,oz,False,0.0765,National,Pantry,False,False
Whole Milk,"Friendly Farms Whole Milk, 0.5 gal",0.5 gal,$2.25,Aldi,2026-02-14,2.22,64.0,oz,False,0.034688,Private,Dairy,False,False
Bananas,Publix Green Banana,About 0.4 lb each,Current price: $0.28 each (estimated),Publix,2026-02-14,0.33,6.4,oz,False,0.051562,Private,Produce,False,False
Chicken Breast,Publix Just Bare Brand Boneless Skinless Chicken Breast Fillets,1.13 lb,Current price: $9.43,Publix,2026-02-14,9.45,18.08,oz,False,0.522677,National,Meat,False,False
Dish Soap,"Publix Dawn Ultra Dishwashing Liquid Dish Soap, Original Scent",7.5 fl oz,Current price: $2.09,Publix,2026-02-14,2.06,7.5,oz,False,0.274667,Private,Household,False,False
Gala Apples,Publix Gala Apple,About 0.54 lb each,Current price: $1.59 each (estimated),Publix,2026-02-14,1.56,8.64,oz,False,0.180556,Private,Produce,False,False
Ground Beef 80/20,Publix Publix Market Ground Beef,About 1.15 lb / package,Current price: $8.91 per package (estimated),Publix,2026-02-14,8.87,18.4,oz,False,0.482065,Private,Meat,False,False
Iceberg Lettuce,Publix Iceberg Lettuce,,Current price: $2.97,Publix,2026-02-14,2.97,16,oz,True,0.185625,Private,Produce,False,False
Large Eggs (12 count),"Publix Publix Eggs, Large",12 ct,Current price: $2.43,Publix,2026-02-14,2.39,12.0,count,False,0.199167,Private,Dairy,False,False
Salted Butter,"Publix Publix Butter, Salted, Sweet Cream",8 oz,Current price: $3.87,Publix,2026-02-14,2.79,8.0,oz,False,0.34875,Private,Dairy,False,False
Spaghetti Pasta,"Publix Publix Spaghetti, Thin",16 oz,Current price: $1.37,Publix,2026-02-14,1.34,16.0,oz,False,0.08375,Private,Pantry,False,False
Tomato Sauce,Publix Contadina Tomato Sauce,14.5 oz,Current price: $1.97,Publix,2026-02-14,1.3,14.5,oz,False,0.089655,National,Pantry,False,False
White Bread,"Publix Publix Bread, Enriched, Large White",20 oz,Current price: $2.65,Publix,2026-02-14,2.61,20.0,oz,False,0.1305,Private,Pantry,False,False
Whole Milk,"Publix Publix Milk, Whole",,Current price: $2.43,Publix,2026-02-14,2.45,64,oz,True,0.038281,Private,Dairy,False,False
Bananas,"Walmart Fresh Banana, Each",Each,$0.20,Walmart,2026-02-14,0.23,1.0,count,False,0.23,National,Produce,False,False
Chicken Breast,"Walmart Sanderson Farms Fresh Boneless Skinless Chicken Breast Fillets, 25g Protein, 4oz 112g, 1.6 - 3.05lb",1.6 - 3.05lb,$9.74,Walmart,2026-02-14,10.44,25.6,oz,False,0.407812,National,Meat,False,False
Dish Soap,"Walmart Dawn Ultra Liquid Dish Soap, Dishwashing Liquid, Grease Removal, Original, 5.8oz",5.8oz,$0.97,Walmart,2026-02-14,0.96,5.8,oz,False,0.165517,National,Household,False,False
Gala Apples,"Walmart Fresh Gala Apple, Each",Each,$0.73,Walmart,2026-02-14,0.73,1.0,count,False,0.73,National,Produce,False,False
Ground Beef 80/20,"Walmart 80% Lean / 20% Fat Ground Beef Chuck, 1 lb Roll, Fresh, All Natural*",All Natural*,$6.83,Walmart,2026-02-14,7.08,16,oz,False,0.4425,National,Meat,False,False
Iceberg Lettuce,"Walmart Marketside Fresh Shredded Iceberg Lettuce, 8 oz, Bag",Bag,$1.97,Walmart,2026-02-14,1.99,8,oz,False,0.24875,National,Produce,False,False
Large Eggs (12 count),"Walmart Great Value Extra Large White Eggs, 12 Count",12 Count,$2.22,Walmart,2026-02-14,2.27,12.0,count,False,0.189167,National,Dairy,False,False
Salted Butter,"Walmart Land O Lakes Salted Butter in Half Sticks, 4 Half Sticks, 8 oz Pack",8 oz Pack,$2.86,Walmart,2026-02-14,2.9,8.0,count,False,0.3625,National,Dairy,False,False
Spaghetti Pasta,"Walmart Great Value Spaghetti, 16 oz",16 oz,$0.98,Walmart,2026-02-14,0.99,16.0,oz,False,0.061875,National,Pantry,False,False
Tomato Sauce,"Walmart Great Value Tomato Sauce, 8 oz Can",8 oz Can,$0.48,Walmart,2026-02-14,0.49,8.0,oz,False,0.06125,National,Pantry,False,False
White Bread,"Walmart Great Value White Sandwich Bread, 20 oz",20 oz,$1.54,Walmart,2026-02-14,1.51,20.0,oz,False,0.0755,National,Pantry,False,False
Whole Milk,"Walmart Great Value Whole Vitamin D Milk, Gallon, 128 fl oz",128 fl oz,$3.38,Walmart,2026-02-14,3.37,128.0,oz,False,0.026328,National,Dairy,False,False
Bananas,"Bananas, per lb",avg. 0.33 lb/piece  ($0.49/lb),$0.16,Aldi,2026-02-15,0.14,5.28,oz,False,0.026515,National,Produce,False,False
Chicken Breast,"Kirkwood Split Chicken Breasts, per lb",avg. 2.7 lb/package  ($1.99/lb),$5.37,Aldi,2026-02-15,5.34,43.2,oz,False,0.123611,National,Meat,False,False
Dish Soap,"Power Force Original Dishwashing Liquid Detergent, 24 fl oz",24 fl oz,$2.35,Aldi,2026-02-15,2.33,24.0,oz,False,0.097083,National,Household,False,False
Gala Apples,"Gala Apples, 3 lb",3 lb,$1.99,Aldi,2026-02-15,2.15,48.0,oz,False,0.044792,National,Produce,False,False
Ground Beef 80/20,"Fresh  80% Lean 20% Fat Ground Beef Patties, 4 count",avg. 1.33 lb/package  ($5.59/lb),$7.43,Aldi,2026-02-15,7.39,21.28,oz,False,0.347274,National,Meat,False,False
Iceberg Lettuce,"Iceberg Lettuce, each",1 each,$2.09,Aldi,2026-02-15,2.43,1.0,count,False,2.43,National,Produce,False,False
Large Eggs (12 count),"Goldhen Free  Range Large Brown Grade A Eggs, 12 count",12 ct,$4.25,Aldi,2026-02-15,4.22,12.0,count,False,0.351667,Private,Dairy,False,False
Salted Butter,"Countryside Creamery Salted Butter Sticks, 1 lb",16 oz,$3.29,Aldi,2026-02-15,3.56,16.0,oz,False,0.2225,National,Dairy,False,False
Spaghetti Pasta,"Bon Italia Spaghetti Rings with Meatballs, 15 oz Can",15 oz,$1.09,Aldi,2026-02-15,1.04,15.0,oz,False,0.069333,National,Pantry,False,False
Tomato Sauce,"Happy Harvest Tomato Sauce, 8 oz",8 oz,$0.55,Aldi,2026-02-15,0.53,8.0,oz,False,0.06625,National,Pantry,False,False
White Bread,"L'oven Fresh White Bread,  20 oz",20 oz,$1.55,Aldi,2026-02-15,1.59,20.0,oz,False,0.0795,National,Pantry,False,False
Whole Milk,"Friendly Farms Whole Milk, 0.5 gal",0.5 gal,$2.25,Aldi,2026-02-15,2.25,64.0,oz,False,0.035156,Private,Dairy,False,False
Bananas,Publix Green Banana,About 0.4 lb each,Current price: $0.28 each (estimated),Publix,2026-02-15,0.3,6.4,oz,False,0.046875,Private,Produce,False,False
Chicken Breast,Publix Just Bare Brand Boneless Skinless Chicken Breast Fillets,1.13 lb,Current price: $9.43,Publix,2026-02-15,9.43,18.08,oz,False,0.521571,National,Meat,False,False
Dish Soap,"Publix Dawn Ultra Dishwashing Liquid Dish Soap, Original Scent",7.5 fl oz,Current price: $2.09,Publix,2026-02-15,2.11,7.5,oz,False,0.281333,Private,Household,False,False
Gala Apples,Publix Gala Apple,About 0.54 lb each,Current price: $1.59 each (estimated),Publix,2026-02-15,1.62,8.64,oz,False,0.1875,Private,Produce,False,False
Ground Beef 80/20,Publix Publix Market Ground Beef,About 1.15 lb / package,Current price: $8.91 per package (estimated),Publix,2026-02-15,8.96,18.4,oz,False,0.486957,Private,Meat,False,False
Iceberg Lettuce,Publix Iceberg Lettuce,,Current price: $2.97,Publix,2026-02-15,3.0,16,oz,True,0.1875,Private,Produce,False,False
Large Eggs (12 count),"Publix Publix Eggs, Large",12 ct,Current price: $2.43,Publix,2026-02-15,2.48,12.0,count,False,0.206667,Private,Dairy,False,False
Salted Butter,"Publix Publix Butter, Salted, Sweet Cream",8 oz,Current price: $3.87,Publix,2026-02-15,2.72,8.0,oz,False,0.34,Private,Dairy,False,False
Spaghetti Pasta,"Publix Publix Spaghetti, Thin",16 oz,Current price: $1.37,Publix,2026-02-15,1.38,16.0,oz,False,0.08625,Private,Pantry,False,False
Tomato Sauce,Publix Contadina Tomato Sauce,14.5 oz,Current price: $1.97,Publix,2026-02-15,1.24,14.5,oz,False,0.085517,National,Pantry,False,False
White Bread,"Publix Publix Bread, Enriched, Large White",20 oz,Current price: $2.65,Publix,2026-02-15,2.66,20.0,oz,False,0.133,Private,Pantry,False,False
Whole Milk,"Publix Publix Milk, Whole",,Current price: $2.43,Publix,2026-02-15,2.46,64,oz,True,0.038437,Private,Dairy,False,False
Bananas,"Walmart Fresh Banana, Each",Each,$0.20,Walmart,2026-02-15,0.16,1.0,count,False,0.16,National,Produce,False,False
Chicken Breast,"Walmart Sanderson Farms Fresh Boneless Skinless Chicken Breast Fillets, 25g Protein, 4oz 112g, 1.6 - 3.05lb",1.6 - 3.05lb,$9.74,Walmart,2026-02-15,10.49,25.6,oz,False,0.409766,National,Meat,False,False
Dish Soap,"Walmart Dawn Ultra Liquid Dish Soap, Dishwashing Liquid, Grease Removal, Original, 5.8oz",5.8oz,$0.97,Walmart,2026-02-15,0.99,5.8,oz,False,0.17069,National,Household,False,False
Gala Apples,"Walmart Fresh Gala Apple, Each",Each,$0.73,Walmart,2026-02-15,0.7,1.0,count,False,0.7,National,Produce,False,False
Ground Beef 80/20,"Walmart 80% Lean / 20% Fat Ground Beef Chuck, 1 lb Roll, Fresh, All Natural*",All Natural*,$6.83,Walmart,2026-02-15,7.19,16,oz,False,0.449375,National,Meat,False,False
Iceberg Lettuce,"Walmart Marketside Fresh Shredded Iceberg Lettuce, 8 oz, Bag",Bag,$1.97,Walmart,2026-02-15,1.94,8,oz,False,0.2425,National,Produce,False,False
Large Eggs (12 count),"Walmart Great Value Extra Large White Eggs, 12 Count",12 Count,$2.22,Walmart,2026-02-15,2.22,12.0,count,False,0.185,National,Dairy,False,False
Salted Butter,"Walmart Land O Lakes Salted Butter in Half Sticks, 4 Half Sticks, 8 oz Pack",8 oz Pack,$2.86,Walmart,2026-02-15,2.85,8.0,count,False,0.35625,National,Dairy,False,False
Spaghetti Pasta,"Walmart Great Value Spaghetti, 16 oz",16 oz,$0.98,Walmart,2026-02-15,0.94,16.0,oz,False,0.05875,National,Pantry,False,False
Tomato Sauce,"Walmart Great Value Tomato Sauce, 8 oz Can",8 oz Can,$0.48,Walmart,2026-02-15,0.47,8.0,oz,False,0.05875,National,Pantry,False,False
White Bread,"Walmart Great Value White Sandwich Bread, 20 oz",20 oz,$1.54,Walmart,2026-02-15,1.52,20.0,oz,False,0.076,National,Pantry,False,False
Whole Milk,"Walmart Great Value Whole Vitamin D Milk, Gallon, 128 fl oz",128 fl oz,$3.38,Walmart,2026-02-15,3.42,128.0,oz,False,0.026719,National,Dairy,False,False
Bananas,"Bananas, per lb",avg. 0.33 lb/piece  ($0.49/lb),$0.16,Aldi,2026-02-16,0.17,5.28,oz,False,0.032197,National,Produce,False,False
Chicken Breast,"Kirkwood Split Chicken Breasts, per lb",avg. 2.7 lb/package  ($1.99/lb),$5.37,Aldi,2026-02-16,5.42,43.2,oz,False,0.125463,National,Meat,False,False
Dish Soap,"Power Force Original Dishwashing Liquid Detergent, 24 fl oz",24 fl oz,$2.35,Aldi,2026-02-16,2.31,24.0,oz,False,0.09625,National,Household,False,False
Gala Apples,"Gala Apples, 3 lb",3 lb,$1.99,Aldi,2026-02-16,2.12,48.0,oz,False,0.044167,National,Produce,False,False
Ground Beef 80/20,"Fresh  80% Lean 20% Fat Ground Beef Patties, 4 count",avg. 1.33 lb/package  ($5.59/lb),$7.43,Aldi,2026-02-16,7.48,21.28,oz,False,0.351504,National,Meat,False,False
Iceberg Lettuce,"Iceberg Lettuce, each",1 each,$2.09,Aldi,2026-02-16,2.51,1.0,count,False,2.51,National,Produce,False,False
Large Eggs (12 count),"Goldhen Free  Range Large Brown Grade A Eggs, 12 count",12 ct,$4.25,Aldi,2026-02-16,4.23,12.0,count,False,0.3525,Private,Dairy,False,False
Salted Butter,"Countryside Creamery Salted Butter Sticks, 1 lb",16 oz,$3.29,Aldi,2026-02-16,3.62,16.0,oz,False,0.22625,National,Dairy,False,False
Spaghetti Pasta,"Bon Italia Spaghetti Rings with Meatballs, 15 oz Can",15 oz,$1.09,Aldi,2026-02-16,1.12,15.0,oz,False,0.074667,National,Pantry,False,False
Tomato Sauce,"Happy Harvest Tomato Sauce, 8 oz",8 oz,$0.55,Aldi,2026-02-16,0.59,8.0,oz,False,0.07375,National,Pantry,False,False
White Bread,"L'oven Fresh White Bread,  20 oz",20 oz,$1.55,Aldi,2026-02-16,1.59,20.0,oz,False,0.0795,National,Pantry,False,False
Whole Milk,"Friendly Farms Whole Milk, 0.5 gal",0.5 gal,$2.25,Aldi,2026-02-16,2.2,64.0,oz,False,0.034375,Private,Dairy,False,False
Bananas,Publix Green Banana,About 0.4 lb each,Current price: $0.28 each (estimated),Publix,2026-02-16,0.28,6.4,oz,False,0.04375,Private,Produce,False,False
Chicken Breast,Publix Just Bare Brand Boneless Skinless Chicken Breast Fillets,1.13 lb,Current price: $9.43,Publix,2026-02-16,9.4,18.08,oz,False,0.519912,National,Meat,False,False
Dish Soap,"Publix Dawn Ultra Dishwashing Liquid Dish Soap, Original Scent",7.5 fl oz,Current price: $2.09,Publix,2026-02-16,2.11,7.5,oz,False,0.281333,Private,Household,False,False
Gala Apples,Publix Gala Apple,About 0.54 lb each,Current price: $1.59 each (estimated),Publix,2026-02-16,1.57,8.64,oz,False,0.181713,Private,Produce,False,False
Ground Beef 80/20,Publix Publix Market Ground Beef,About 1.15 lb / package,Current price: $8.91 per package (estimated),Publix,2026-02-16,8.94,18.4,oz,False,0.48587,Private,Meat,False,False
Iceberg Lettuce,Publix Iceberg Lettuce,,Current price: $2.97,Publix,2026-02-16,2.94,16,oz,True,0.18375,Private,Produce,False,False
Large Eggs (12 count),"Publix Publix Eggs, Large",12 ct,Current price: $2.43,Publix,2026-02-16,2.46,12.0,count,False,0.205,Private,Dairy,False,False
Salted Butter,"Publix Publix Butter, Salted, Sweet Cream",8 oz,Current price: $3.87,Publix,2026-02-16,2.57,8.0,oz,False,0.32125,Private,Dairy,False,False
Spaghetti Pasta,"Publix Publix Spaghetti, Thin",16 oz,Current price: $1.37,Publix,2026-02-16,1.4,16.0,oz,False,0.0875,Private,Pantry,False,False
Tomato Sauce,Publix Contadina Tomato Sauce,14.5 oz,Current price: $1.97,Publix,2026-02-16,1.2,14.5,oz,False,0.082759,National,Pantry,False,False
White Bread,"Publix Publix Bread, Enriched, Large White",20 oz,Current price: $2.65,Publix,2026-02-16,2.61,20.0,oz,False,0.1305,Private,Pantry,False,False
Whole Milk,"Publix Publix Milk, Whole",,Current price: $2.43,Publix,2026-02-16,2.47,64,oz,True,0.038594,Private,Dairy,False,False
Bananas,"Walmart Fresh Banana, Each",Each,$0.20,Walmart,2026-02-16,0.24,1.0,count,False,0.24,National,Produce,False,False
Chicken Breast,"Walmart Sanderson Farms Fresh Boneless Skinless Chicken Breast Fillets, 25g Protein, 4oz 112g, 1.6 - 3.05lb",1.6 - 3.05lb,$9.74,Walmart,2026-02-16,10.59,25.6,oz,False,0.413672,National,Meat,False,False
Dish Soap,"Walmart Dawn Ultra Liquid Dish Soap, Dishwashing Liquid, Grease Removal, Original, 5.8oz",5.8oz,$0.97,Walmart,2026-02-16,1.0,5.8,oz,False,0.172414,National,Household,False,False
Gala Apples,"Walmart Fresh Gala Apple, Each",Each,$0.73,Walmart,2026-02-16,0.74,1.0,count,False,0.74,National,Produce,False,False
Ground Beef 80/20,"Walmart 80% Lean / 20% Fat Ground Beef Chuck, 1 lb Roll, Fresh, All Natural*",All Natural*,$6.83,Walmart,2026-02-16,7.18,16,oz,False,0.44875,National,Meat,False,False
Iceberg Lettuce,"Walmart Marketside Fresh Shredded Iceberg Lettuce, 8 oz, Bag",Bag,$1.97,Walmart,2026-02-16,1.93,8,oz,False,0.24125,National,Produce,False,False
Large Eggs (12 count),"Walmart Great Value Extra Large White Eggs, 12 Count",12 Count,$2.22,Walmart,2026-02-16,2.17,12.0,count,False,0.180833,National,Dairy,False,False
Salted Butter,"Walmart Land O Lakes Salted Butter in Half Sticks, 4 Half Sticks, 8 oz Pack",8 oz Pack,$2.86,Walmart,2026-02-16,2.88,8.0,count,False,0.36,National,Dairy,False,False
Spaghetti Pasta,"Walmart Great Value Spaghetti, 16 oz",16 oz,$0.98,Walmart,2026-02-16,1.0,16.0,oz,False,0.0625,National,Pantry,False,False
Tomato Sauce,"Walmart Great Value Tomato Sauce, 8 oz Can",8 oz Can,$0.48,Walmart,2026-02-16,0.49,8.0,oz,False,0.06125,National,Pantry,False,False
White Bread,"Walmart Great Value White Sandwich Bread, 20 oz",20 oz,$1.54,Walmart,2026-02-16,1.51,20.0,oz,False,0.0755,National,Pantry,False,False
Whole Milk,"Walmart Great Value Whole Vitamin D Milk, Gallon, 128 fl oz",128 fl oz,$3.38,Walmart,2026-02-16,3.38,128.0,oz,False,0.026406,National,Dairy,False,False
Bananas,"Bananas, per lb",avg. 0.33 lb/piece  ($0.49/lb),$0.16,Aldi,2026-02-17,0.12,5.28,oz,False,0.022727,National,Produce,False,False
Chicken Breast,"Kirkwood Split Chicken Breasts, per lb",avg. 2.7 lb/package  ($1.99/lb),$5.37,Aldi,2026-02-17,5.33,43.2,oz,False,0.12338,National,Meat,False,False
Dish Soap,"Power Force Original Dishwashing Liquid Detergent, 24 fl oz",24 fl oz,$2.35,Aldi,2026-02-17,2.34,24.0,oz,False,0.0975,National,Household,False,False
Gala Apples,"Gala Apples, 3 lb",3 lb,$1.99,Aldi,2026-02-17,2.2,48.0,oz,False,0.045833,National,Produce,False,False
Ground Beef 80/20,"Fresh  80% Lean 20% Fat Ground Beef Patties, 4 count",avg. 1.33 lb/package  ($5.59/lb),$7.43,Aldi,2026-02-17,7.46,21.28,oz,False,0.350564,National,Meat,False,False
Iceberg Lettuce,"Iceberg Lettuce, each",1 each,$2.09,Aldi,2026-02-17,2.49,1.0,count,False,2.49,National,Produce,False,False
Large Eggs (12 count),"Goldhen Free  Range Large Brown Grade A Eggs, 12 count",12 ct,$4.25,Aldi,2026-02-17,4.21,12.0,count,False,0.350833,Private,Dairy,False,False
Salted Butter,"Countryside Creamery Salted Butter Sticks, 1 lb",16 oz,$3.29,Aldi,2026-02-17,3.62,16.0,oz,False,0.22625,National,Dairy,False,False
Spaghetti Pasta,"Bon Italia Spaghetti Rings with Meatballs, 15 oz Can",15 oz,$1.09,Aldi,2026-02-17,1.1,15.0,oz,False,0.073333,National,Pantry,False,False
Tomato Sauce,"Happy Harvest Tomato Sauce, 8 oz",8 oz,$0.55,Aldi,2026-02-17,0.58,8.0,oz,False,0.0725,National,Pantry,False,False
White Bread,"L'oven Fresh White Bread,  20 oz",20 oz,$1.55,Aldi,2026-02-17,1.59,20.0,oz,False,0.0795,National,Pantry,False,False
Whole Milk,"Friendly Farms Whole Milk, 0.5 gal",0.5 gal,$2.25,Aldi,2026-02-17,2.22,64.0,oz,False,0.034688,Private,Dairy,False,False
Bananas,Publix Green Banana,About 0.4 lb each,Current price: $0.28 each (estimated),Publix,2026-02-17,0.27,6.4,oz,False,0.042188,Private,Produce,False,False
Chicken Breast,Publix Just Bare Brand Boneless Skinless Chicken Breast Fillets,1.13 lb,Current price: $9.43,Publix,2026-02-17,9.45,18.08,oz,False,0.522677,National,Meat,False,False
Dish Soap,"Publix Dawn Ultra Dishwashing Liquid Dish Soap, Original Scent",7.5 fl oz,Current price: $2.09,Publix,2026-02-17,2.09,7.5,oz,False,0.278667,Private,Household,False,False
Gala Apples,Publix Gala Apple,About 0.54 lb each,Current price: $1.59 each (estimated),Publix,2026-02-17,1.63,8.64,oz,False,0.188657,Private,Produce,False,False
Ground Beef 80/20,Publix Publix Market Ground Beef,About 1.15 lb / package,Current price: $8.91 per package (estimated),Publix,2026-02-17,8.92,18.4,oz,False,0.484783,Private,Meat,False,False
Iceberg Lettuce,Publix Iceberg Lettuce,,Current price: $2.97,Publix,2026-02-17,2.94,16,oz,True,0.18375,Private,Produce,False,False
Large Eggs (12 count),"Publix Publix Eggs, Large",12 ct,Current price: $2.43,Publix,2026-02-17,2.41,12.0,count,False,0.200833,Private,Dairy,False,False
Salted Butter,"Publix Publix Butter, Salted, Sweet Cream",8 oz,Current price: $3.87,Publix,2026-02-17,2.5,8.0,oz,False,0.3125,Private,Dairy,False,False
Spaghetti Pasta,"Publix Publix Spaghetti, Thin",16 oz,Current price: $1.37,Publix,2026-02-17,1.37,16.0,oz,False,0.085625,Private,Pantry,False,False
Tomato Sauce,Publix Contadina Tomato Sauce,14.5 oz,Current price: $1.97,Publix,2026-02-17,1.1,14.5,oz,False,0.075862,National,Pantry,False,False
White Bread,"Publix Publix Bread, Enriched, Large White",20 oz,Current price: $2.65,Publix,2026-02-17,2.61,20.0,oz,False,0.1305,Private,Pantry,False,False
Whole Milk,"Publix Publix Milk, Whole",,Current price: $2.43,Publix,2026-02-17,2.4,64,oz,True,0.0375,Private,Dairy,False,False
Bananas,"Walmart Fresh Banana, Each",Each,$0.20,Walmart,2026-02-17,0.15,1.0,count,False,0.15,National,Produce,False,False
Chicken Breast,"Walmart Sanderson Farms Fresh Boneless Skinless Chicken Breast Fillets, 25g Protein, 4oz 112g, 1.6 - 3.05lb",1.6 - 3.05lb,$9.74,Walmart,2026-02-17,10.59,25.6,oz,False,0.413672,National,Meat,False,False
Dish Soap,"Walmart Dawn Ultra Liquid Dish Soap, Dishwashing Liquid, Grease Removal, Original, 5.8oz",5.8oz,$0.97,Walmart,2026-02-17,0.98,5.8,oz,False,0.168966,National,Household,False,False
Gala Apples,"Walmart Fresh Gala Apple, Each",Each,$0.73,Walmart,2026-02-17,0.74,1.0,count,False,0.74,National,Produce,False,False
Ground Beef 80/20,"Walmart 80% Lean / 20% Fat Ground Beef Chuck, 1 lb Roll, Fresh, All Natural*",All Natural*,$6.83,Walmart,2026-02-17,7.24,16,oz,False,0.4525,National,Meat,False,False
Iceberg Lettuce,"Walmart Marketside Fresh Shredded Iceberg Lettuce, 8 oz, Bag",Bag,$1.97,Walmart,2026-02-17,1.97,8,oz,False,0.24625,National,Produce,False,False
Large Eggs (12 count),"Walmart Great Value Extra Large White Eggs, 12 Count",12 Count,$2.22,Walmart,2026-02-17,2.22,12.0,count,False,0.185,National,Dairy,False,False
Salted Butter,"Walmart Land O Lakes Salted Butter in Half Sticks, 4 Half Sticks, 8 oz Pack",8 oz Pack,$2.86,Walmart,2026-02-17,2.9,8.0,count,False,0.3625,National,Dairy,False,False
Spaghetti Pasta,"Walmart Great Value Spaghetti, 16 oz",16 oz,$0.98,Walmart,2026-02-17,1.02,16.0,oz,False,0.06375,National,Pantry,False,False
Tomato Sauce,"Walmart Great Value Tomato Sauce, 8 oz Can",8 oz Can,$0.48,Walmart,2026-02-17,0.45,8.0,oz,False,0.05625,National,Pantry,False,False
White Bread,"Walmart Great Value White Sandwich Bread, 20 oz",20 oz,$1.54,Walmart,2026-02-17,1.5,20.0,oz,False,0.075,National,Pantry,False,False
Whole Milk,"Walmart Great Value Whole Vitamin D Milk, Gallon, 128 fl oz",128 fl oz,$3.38,Walmart,2026-02-17,3.42,128.0,oz,False,0.026719,National,Dairy,False,False
Bananas,"Bananas, per lb",avg. 0.33 lb/piece  ($0.49/lb),$0.16,Aldi,2026-02-18,0.16,5.28,oz,False,0.030303,National,Produce,False,False
Chicken Breast,"Kirkwood Split Chicken Breasts, per lb",avg. 2.7 lb/package  ($1.99/lb),$5.37,Aldi,2026-02-18,5.37,43.2,oz,False,0.124306,National,Meat,False,False
Dish Soap,"Power Force Original Dishwashing Liquid Detergent, 24 fl oz",24 fl oz,$2.35,Aldi,2026-02-18,2.37,24.0,oz,False,0.09875,National,Household,False,False
Gala Apples,"Gala Apples, 3 lb",3 lb,$2.19,Aldi,2026-02-18,2.19,48.0,oz,False,0.045625,National,Produce,False,False
Ground Beef 80/20,"Fresh  80% Lean 20% Fat Ground Beef Patties, 4 count",avg. 1.33 lb/package  ($5.59/lb),$7.43,Aldi,2026-02-18,7.43,21.28,oz,False,0.349154,National,Meat,False,False
Iceberg Lettuce,"Iceberg Lettuce, each",1 each,$2.55,Aldi,2026-02-18,2.55,1.0,count,False,2.55,National,Produce,False,False
Large Eggs (12 count),"Goldhen Free  Range Large Brown Grade A Eggs, 12 count",12 ct,$4.25,Aldi,2026-02-18,4.25,12.0,count,False,0.354167,Private,Dairy,False,False
Salted Butter,"Countryside Creamery Salted Butter Sticks, 1 lb",16 oz,$3.65,Aldi,2026-02-18,3.65,16.0,oz,False,0.228125,National,Dairy,False,False
Spaghetti Pasta,"Bon Italia Spaghetti Rings with Meatballs, 15 oz Can",15 oz,$1.09,Aldi,2026-02-18,1.07,15.0,oz,False,0.071333,National,Pantry,False,False
Tomato Sauce,"Happy Harvest Tomato Sauce, 8 oz",8 oz,$0.55,Aldi,2026-02-18,0.55,8.0,oz,False,0.06875,National,Pantry,False,False
White Bread,"L'oven Fresh White Bread,  20 oz",20 oz,$1.55,Aldi,2026-02-18,1.55,20.0,oz,False,0.0775,National,Pantry,False,False
Whole Milk,"Friendly Farms Whole Milk, 0.5 gal",0.5 gal,$2.25,Aldi,2026-02-18,2.25,64.0,oz,False,0.035156,Private,Dairy,False,False
Bananas,Publix Green Banana,About 0.4 lb each,Current price: $0.28 each (estimated),Publix,2026-02-18,0.25,6.4,oz,False,0.039062,Private,Produce,False,False
Chicken Breast,Publix Just Bare Brand Boneless Skinless Chicken Breast Fillets,1.13 lb,Current price: $9.43,Publix,2026-02-18,9.43,18.08,oz,False,0.521571,National,Meat,False,False
Dish Soap,"Publix Dawn Ultra Dishwashing Liquid Dish Soap, Original Scent",7.5 fl oz,Current price: $2.09,Publix,2026-02-18,2.09,7.5,oz,False,0.278667,Private,Household,False,False
Gala Apples,Publix Gala Apple,About 0.54 lb each,Current price: $1.59 each (estimated),Publix,2026-02-18,1.59,8.64,oz,False,0.184028,Private,Produce,False,False
Ground Beef 80/20,Publix Publix Market Ground Beef,About 1.15 lb / package,Current price: $8.91 per package (estimated),Publix,2026-02-18,8.96,18.4,oz,False,0.486957,Private,Meat,False,False
Iceberg Lettuce,Publix Iceberg Lettuce,,Current price: $2.97,Publix,2026-02-18,2.97,16,oz,True,0.185625,Private,Produce,False,False
Large Eggs (12 count),"Publix Publix Eggs, Large",12 ct,Current price: $2.43,Publix,2026-02-18,2.43,12.0,count,False,0.2025,Private,Dairy,False,False
Salted Butter,"Publix Publix Butter, Salted, Sweet Cream",8 oz,Current price: $2.43,Publix,2026-02-18,2.43,8.0,oz,False,0.30375,Private,Dairy,False,False
Spaghetti Pasta,"Publix Publix Spaghetti, Thin",16 oz,Current price: $1.37,Publix,2026-02-18,1.38,16.0,oz,False,0.08625,Private,Pantry,False,False
Tomato Sauce,Publix Contadina Tomato Sauce,8 oz,Current price: $1.09,Publix,2026-02-18,1.09,8.0,oz,False,0.13625,National,Pantry,False,False
White Bread,"Publix Publix Bread, Enriched, Large White",20 oz,Current price: $2.65,Publix,2026-02-18,2.65,20.0,oz,False,0.1325,Private,Pantry,False,False
Whole Milk,"Publix Publix Milk, Whole",,Current price: $2.43,Publix,2026-02-18,2.43,64,oz,True,0.037969,Private,Dairy,False,False
Bananas,"Walmart Fresh Banana, Each",Each,$0.20,Walmart,2026-02-18,0.2,1.0,count,False,0.2,National,Produce,False,False
Chicken Breast,"Walmart Sanderson Farms Fresh Boneless Skinless Chicken Breast Fillets, 25g Protein, 4oz 112g, 1.6 - 3.05lb",1.6 - 3.05lb,$10.67,Walmart,2026-02-18,10.67,25.6,oz,False,0.416797,National,Meat,False,False
Dish Soap,"Walmart Dawn Ultra Liquid Dish Soap, Dishwashing Liquid, Grease Removal, Original, 5.8oz",5.8oz,$0.97,Walmart,2026-02-18,0.93,5.8,oz,False,0.160345,National,Household,False,False
Gala Apples,"Walmart Fresh Gala Apple, Each",Each,$0.73,Walmart,2026-02-18,0.73,1.0,count,False,0.73,National,Produce,False,False
Ground Beef 80/20,"Walmart 80% Lean / 20% Fat Ground Beef Chuck, 1 lb Roll, Fresh, All Natural*",All Natural*,$7.23,Walmart,2026-02-18,7.23,16,oz,False,0.451875,National,Meat,False,False
Iceberg Lettuce,"Walmart Marketside Fresh Shredded Iceberg Lettuce, 8 oz, Bag",Bag,$1.97,Walmart,2026-02-18,1.97,1.0,count,False,1.97,National,Produce,False,False
Large Eggs (12 count),"Walmart Great Value Extra Large White Eggs, 12 Count",12 Count,$2.22,Walmart,2026-02-18,2.23,12.0,count,False,0.185833,National,Dairy,False,False
Salted Butter,"Walmart Land O Lakes Salted Butter in Half Sticks, 4 Half Sticks, 8 oz Pack",8 oz Pack,$2.86,Walmart,2026-02-18,2.81,8.0,count,False,0.35125,National,Dairy,False,False
Spaghetti Pasta,"Walmart Great Value Spaghetti, 16 oz",16 oz,$0.98,Walmart,2026-02-18,1.0,16.0,oz,False,0.0625,National,Pantry,False,False
Tomato Sauce,"Walmart Great Value Tomato Sauce, 8 oz Can",8 oz Can,$0.48,Walmart,2026-02-18,0.5,8.0,oz,False,0.0625,National,Pantry,False,False
White Bread,"Walmart Great Value White Sandwich Bread, 20 oz",20 oz,$1.54,Walmart,2026-02-18,1.56,20.0,oz,False,0.078,National,Pantry,False,False
Whole Milk,"Walmart Great Value Whole Vitamin D Milk, Gallon, 128 fl oz",128 fl oz,$3.38,Walmart,2026-02-18,3.38,128.0,oz,False,0.026406,National,Dairy,False,False
Bananas,"Bananas, per lb",avg. 0.33 lb/piece  ($0.49/lb),$0.16,Aldi,2026-02-19,0.15,5.28,oz,False,0.028409,National,Produce,False,False
Chicken Breast,"Kirkwood Split Chicken Breasts, per lb",avg. 2.7 lb/package  ($1.99/lb),$5.37,Aldi,2026-02-19,5.34,43.2,oz,False,0.123611,National,Meat,False,False
Dish Soap,"Power Force Original Dishwashing Liquid Detergent, 24 fl oz",24 fl oz,$2.35,Aldi,2026-02-19,2.33,24.0,oz,False,0.097083,National,Household,False,False
Gala Apples,"Gala Apples, 3 lb",3 lb,$2.19,Aldi,2026-02-19,2.24,48.0,oz,False,0.046667,National,Produce,False,False
Ground Beef 80/20,"Fresh  80% Lean 20% Fat Ground Beef Patties, 4 count",avg. 1.33 lb/package  ($5.59/lb),$7.43,Aldi,2026-02-19,7.48,21.28,oz,False,0.351504,National,Meat,False,False
Iceberg Lettuce,"Iceberg Lettuce, each",1 each,$2.55,Aldi,2026-02-19,2.5,1.0,count,False,2.5,National,Produce,False,False
Large Eggs (12 count),"Goldhen Free  Range Large Brown Grade A Eggs, 12 count",12 ct,$4.25,Aldi,2026-02-19,4.22,12.0,count,False,0.351667,Private,Dairy,False,False
Salted Butter,"Countryside Creamery Salted Butter Sticks, 1 lb",16 oz,$3.65,Aldi,2026-02-19,3.68,16.0,oz,False,0.23,National,Dairy,False,False
Spaghetti Pasta,"Bon Italia Spaghetti Rings with Meatballs, 15 oz Can",15 oz,$1.09,Aldi,2026-02-19,1.11,15.0,oz,False,0.074,National,Pantry,False,False
Tomato Sauce,"Happy Harvest Tomato Sauce, 8 oz",8 oz,$0.55,Aldi,2026-02-19,0.59,8.0,oz,False,0.07375,National,Pantry,False,False
White Bread,"L'oven Fresh White Bread,  20 oz",20 oz,$1.55,Aldi,2026-02-19,1.54,20.0,oz,False,0.077,National,Pantry,False,False
Whole Milk,"Friendly Farms Whole Milk, 0.5 gal",0.5 gal,$2.25,Aldi,2026-02-19,2.26,64.0,oz,False,0.035312,Private,Dairy,False,False
Bananas,Publix Green Banana,About 0.4 lb each,Current price: $0.28 each (estimated),Publix,2026-02-19,0.27,6.4,oz,False,0.042188,Private,Produce,False,False
Chicken Breast,Publix Just Bare Brand Boneless Skinless Chicken Breast Fillets,1.13 lb,Current price: $9.43,Publix,2026-02-19,9.38,18.08,oz,False,0.518805,National,Meat,False,False
Dish Soap,"Publix Dawn Ultra Dishwashing Liquid Dish Soap, Original Scent",7.5 fl oz,Current price: $2.09,Publix,2026-02-19,2.11,7.5,oz,False,0.281333,Private,Household,False,False
Gala Apples,Publix Gala Apple,About 0.54 lb each,Current price: $1.59 each (estimated),Publix,2026-02-19,1.61,8.64,oz,False,0.186343,Private,Produce,False,False
Ground Beef 80/20,Publix Publix Market Ground Beef,About 1.15 lb / package,Current price: $8.91 per package (estimated),Publix,2026-02-19,8.96,18.4,oz,False,0.486957,Private,Meat,False,False
Iceberg Lettuce,Publix Iceberg Lettuce,,Current price: $2.97,Publix,2026-02-19,2.97,16,oz,True,0.185625,Private,Produce,False,False
Large Eggs (12 count),"Publix Publix Eggs, Large",12 ct,Current price: $2.43,Publix,2026-02-19,2.42,12.0,count,False,0.201667,Private,Dairy,False,False
Salted Butter,"Publix Publix Butter, Salted, Sweet Cream",8 oz,Current price: $2.43,Publix,2026-02-19,2.42,8.0,oz,False,0.3025,Private,Dairy,False,False
Spaghetti Pasta,"Publix Publix Spaghetti, Thin",16 oz,Current price: $1.37,Publix,2026-02-19,1.35,16.0,oz,False,0.084375,Private,Pantry,False,False
Tomato Sauce,Publix Contadina Tomato Sauce,8 oz,Current price: $1.09,Publix,2026-02-19,1.13,8.0,oz,False,0.14125,National,Pantry,False,False
White Bread,"Publix Publix Bread, Enriched, Large White",20 oz,Current price: $2.65,Publix,2026-02-19,2.66,20.0,oz,False,0.133,Private,Pantry,False,False
Whole Milk,"Publix Publix Milk, Whole",,Current price: $2.43,Publix,2026-02-19,2.38,64,oz,True,0.037187,Private,Dairy,False,False
Bananas,"Walmart Fresh Banana, Each",Each,$0.20,Walmart,2026-02-19,0.15,1.0,count,False,0.15,National,Produce,False,False
Chicken Breast,"Walmart Sanderson Farms Fresh Boneless Skinless Chicken Breast Fillets, 25g Protein, 4oz 112g, 1.6 - 3.05lb",1.6 - 3.05lb,$10.67,Walmart,2026-02-19,10.66,25.6,oz,False,0.416406,National,Meat,False,False
Dish Soap,"Walmart Dawn Ultra Liquid Dish Soap, Dishwashing Liquid, Grease Removal, Original, 5.8oz",5.8oz,$0.97,Walmart,2026-02-19,0.93,5.8,oz,False,0.160345,National,Household,False,False
Gala Apples,"Walmart Fresh Gala Apple, Each",Each,$0.73,Walmart,2026-02-19,0.78,1.0,count,False,0.78,National,Produce,False,False
Ground Beef 80/20,"Walmart 80% Lean / 20% Fat Ground Beef Chuck, 1 lb Roll, Fresh, All Natural*",All Natural*,$7.23,Walmart,2026-02-19,7.2,16,oz,False,0.45,National,Meat,False,False
Iceberg Lettuce,"Walmart Marketside Fresh Shredded Iceberg Lettuce, 8 oz, Bag",Bag,$1.97,Walmart,2026-02-19,2.02,1.0,count,False,2.02,National,Produce,False,False
Large Eggs (12 count),"Walmart Great Value Extra Large White Eggs, 12 Count",12 Count,$2.22,Walmart,2026-02-19,2.26,12.0,count,False,0.188333,National,Dairy,False,False
Salted Butter,"Walmart Land O Lakes Salted Butter in Half Sticks, 4 Half Sticks, 8 oz Pack",8 oz Pack,$2.86,Walmart,2026-02-19,2.89,8.0,count,False,0.36125,National,Dairy,False,False
Spaghetti Pasta,"Walmart Great Value Spaghetti, 16 oz",16 oz,$0.98,Walmart,2026-02-19,1.01,16.0,oz,False,0.063125,National,Pantry,False,False
Tomato Sauce,"Walmart Great Value Tomato Sauce, 8 oz Can",8 oz Can,$0.48,Walmart,2026-02-19,0.45,8.0,oz,False,0.05625,National,Pantry,False,False
White Bread,"Walmart Great Value White Sandwich Bread, 20 oz",20 oz,$1.54,Walmart,2026-02-19,1.54,20.0,oz,False,0.077,National,Pantry,False,False
Whole Milk,"Walmart Great Value Whole Vitamin D Milk, Gallon, 128 fl oz",128 fl oz,$3.38,Walmart,2026-02-19,3.42,128.0,oz,False,0.026719,National,Dairy,False,False
Bananas,"Bananas, per lb",avg. 0.33 lb/piece  ($0.49/lb),$0.16,Aldi,2026-02-20,0.16,5.28,oz,False,0.030303,National,Produce,False,False
Chicken Breast,"Kirkwood Split Chicken Breasts, per lb",avg. 2.7 lb/package  ($1.99/lb),$5.37,Aldi,2026-02-20,5.38,43.2,oz,False,0.124537,National,Meat,False,False
Dish Soap,"Power Force Original Dishwashing Liquid Detergent, 24 fl oz",24 fl oz,$2.35,Aldi,2026-02-20,2.36,24.0,oz,False,0.098333,National,Household,False,False
Gala Apples,"Gala Apples, 3 lb",3 lb,$2.19,Aldi,2026-02-20,2.19,48.0,oz,False,0.045625,National,Produce,False,False
Ground Beef 80/20,"Fresh  80% Lean 20% Fat Ground Beef Patties, 4 count",avg. 1.33 lb/package  ($5.59/lb),$7.43,Aldi,2026-02-20,7.47,21.28,oz,False,0.351034,National,Meat,False,False
Iceberg Lettuce,"Iceberg Lettuce, each",1 each,$2.55,Aldi,2026-02-20,2.57,1.0,count,False,2.57,National,Produce,False,False
Large Eggs (12 count),"Goldhen Free  Range Large Brown Grade A Eggs, 12 count",12 ct,$4.25,Aldi,2026-02-20,4.21,12.0,count,False,0.350833,Private,Dairy,False,False
Salted Butter,"Countryside Creamery Salted Butter Sticks, 1 lb",16 oz,$3.65,Aldi,2026-02-20,3.63,16.0,oz,False,0.226875,National,Dairy,False,False
Spaghetti Pasta,"Bon Italia Spaghetti Rings with Meatballs, 15 oz Can",15 oz,$1.09,Aldi,2026-02-20,1.1,15.0,oz,False,0.073333,National,Pantry,False,False
Tomato Sauce,"Happy Harvest Tomato Sauce, 8 oz",8 oz,$0.55,Aldi,2026-02-20,0.58,8.0,oz,False,0.0725,National,Pantry,False,False
White Bread,"L'oven Fresh White Bread,  20 oz",20 oz,$1.55,Aldi,2026-02-20,1.53,20.0,oz,False,0.0765,National,Pantry,False,False
Whole Milk,"Friendly Farms Whole Milk, 0.5 gal",0.5 gal,$2.25,Aldi,2026-02-20,2.25,64.0,oz,False,0.035156,Private,Dairy,False,False
Bananas,Publix Green Banana,About 0.4 lb each,Current price: $0.28 each (estimated),Publix,2026-02-20,0.31,6.4,oz,False,0.048437,Private,Produce,False,False
Chicken Breast,Publix Just Bare Brand Boneless Skinless Chicken Breast Fillets,1.13 lb,Current price: $9.43,Publix,2026-02-20,9.46,18.08,oz,False,0.52323,National,Meat,False,False
Dish Soap,"Publix Dawn Ultra Dishwashing Liquid Dish Soap, Original Scent",7.5 fl oz,Current price: $2.09,Publix,2026-02-20,2.13,7.5,oz,False,0.284,Private,Household,False,False
Gala Apples,Publix Gala Apple,About 0.54 lb each,Current price: $1.59 each (estimated),Publix,2026-02-20,1.57,8.64,oz,False,0.181713,Private,Produce,False,False
Ground Beef 80/20,Publix Publix Market Ground Beef,About 1.15 lb / package,Current price: $8.91 per package (estimated),Publix,2026-02-20,8.93,18.4,oz,False,0.485326,Private,Meat,False,False
Iceberg Lettuce,Publix Iceberg Lettuce,,Current price: $2.97,Publix,2026-02-20,2.99,16,oz,True,0.186875,Private,Produce,False,False
Large Eggs (12 count),"Publix Publix Eggs, Large",12 ct,Current price: $2.43,Publix,2026-02-20,2.42,12.0,count,False,0.201667,Private,Dairy,False,False
Salted Butter,"Publix Publix Butter, Salted, Sweet Cream",8 oz,Current price: $2.43,Publix,2026-02-20,2.44,8.0,oz,False,0.305,Private,Dairy,False,False
Spaghetti Pasta,"Publix Publix Spaghetti, Thin",16 oz,Current price: $1.37,Publix,2026-02-20,1.33,16.0,oz,False,0.083125,Private,Pantry,False,False
Tomato Sauce,Publix Contadina Tomato Sauce,8 oz,Current price: $1.09,Publix,2026-02-20,1.22,8.0,oz,False,0.1525,National,Pantry,False,False
White Bread,"Publix Publix Bread, Enriched, Large White",20 oz,Current price: $2.65,Publix,2026-02-20,2.63,20.0,oz,False,0.1315,Private,Pantry,False,False
Whole Milk,"Publix Publix Milk, Whole",,Current price: $2.43,Publix,2026-02-20,2.4,64,oz,True,0.0375,Private,Dairy,False,False
Bananas,"Walmart Fresh Banana, Each",Each,$0.20,Walmart,2026-02-20,0.24,1.0,count,False,0.24,National,Produce,False,False
Chicken Breast,"Walmart Sanderson Farms Fresh Boneless Skinless Chicken Breast Fillets, 25g Protein, 4oz 112g, 1.6 - 3.05lb",1.6 - 3.05lb,$10.67,Walmart,2026-02-20,10.64,25.6,oz,False,0.415625,National,Meat,False,False
Dish Soap,"Walmart Dawn Ultra Liquid Dish Soap, Dishwashing Liquid, Grease Removal, Original, 5.8oz",5.8oz,$0.97,Walmart,2026-02-20,0.94,5.8,oz,False,0.162069,National,Household,False,False
Gala Apples,"Walmart Fresh Gala Apple, Each",Each,$0.73,Walmart,2026-02-20,0.71,1.0,count,False,0.71,National,Produce,False,False
Ground Beef 80/20,"Walmart 80% Lean / 20% Fat Ground Beef Chuck, 1 lb Roll, Fresh, All Natural*",All Natural*,$7.23,Walmart,2026-02-20,7.19,16,oz,False,0.449375,National,Meat,False,False
Iceberg Lettuce,"Walmart Marketside Fresh Shredded Iceberg Lettuce, 8 oz, Bag",Bag,$1.97,Walmart,2026-02-20,1.97,1.0,count,False,1.97,National,Produce,False,False
Large Eggs (12 count),"Walmart Great Value Extra Large White Eggs, 12 Count",12 Count,$2.22,Walmart,2026-02-20,2.26,12.0,count,False,0.188333,National,Dairy,False,False
Salted Butter,"Walmart Land O Lakes Salted Butter in Half Sticks, 4 Half Sticks, 8 oz Pack",8 oz Pack,$2.86,Walmart,2026-02-20,2.84,8.0,count,False,0.355,National,Dairy,False,False
Spaghetti Pasta,"Walmart Great Value Spaghetti, 16 oz",16 oz,$0.98,Walmart,2026-02-20,1.0,16.0,oz,False,0.0625,National,Pantry,False,False
Tomato Sauce,"Walmart Great Value Tomato Sauce, 8 oz Can",8 oz Can,$0.48,Walmart,2026-02-20,0.44,8.0,oz,False,0.055,National,Pantry,False,False
White Bread,"Walmart Great Value White Sandwich Bread, 20 oz",20 oz,$1.54,Walmart,2026-02-20,1.56,20.0,oz,False,0.078,National,Pantry,False,False
Whole Milk,"Walmart Great Value Whole Vitamin D Milk, Gallon, 128 fl oz",128 fl oz,$3.38,Walmart,2026-02-20,3.36,128.0,oz,False,0.02625,National,Dairy,False,False
Bananas,"Bananas, per lb",avg. 0.33 lb/piece  ($0.49/lb),$0.16,Aldi,2026-02-21,0.21,5.28,oz,False,0.039773,National,Produce,False,False
Chicken Breast,"Kirkwood Split Chicken Breasts, per lb",avg. 2.7 lb/package  ($1.99/lb),$5.37,Aldi,2026-02-21,5.39,43.2,oz,False,0.124769,National,Meat,False,False
Dish Soap,"Power Force Original Dishwashing Liquid Detergent, 24 fl oz",24 fl oz,$2.35,Aldi,2026-02-21,2.35,24.0,oz,False,0.097917,National,Household,False,False
Gala Apples,"Gala Apples, 3 lb",3 lb,$2.19,Aldi,2026-02-21,2.24,48.0,oz,False,0.046667,National,Produce,False,False
Ground Beef 80/20,"Fresh  80% Lean 20% Fat Ground Beef Patties, 4 count",avg. 1.33 lb/package  ($5.59/lb),$7.43,Aldi,2026-02-21,7.46,21.28,oz,False,0.350564,National,Meat,False,False
Iceberg Lettuce,"Iceberg Lettuce, each",1 each,$2.55,Aldi,2026-02-21,2.52,1.0,count,False,2.52,National,Produce,False,False
Large Eggs (12 count),"Goldhen Free  Range Large Brown Grade A Eggs, 12 count",12 ct,$4.25,Aldi,2026-02-21,4.23,12.0,count,False,0.3525,Private,Dairy,False,False
Salted Butter,"Countryside Creamery Salted Butter Sticks, 1 lb",16 oz,$3.65,Aldi,2026-02-21,3.61,16.0,oz,False,0.225625,National,Dairy,False,False
Spaghetti Pasta,"Bon Italia Spaghetti Rings with Meatballs, 15 oz Can",15 oz,$1.09,Aldi,2026-02-21,1.08,15.0,oz,False,0.072,National,Pantry,False,False
Tomato Sauce,"Happy Harvest Tomato Sauce, 8 oz",8 oz,$0.55,Aldi,2026-02-21,0.53,8.0,oz,False,0.06625,National,Pantry,False,False
White Bread,"L'oven Fresh White Bread,  20 oz",20 oz,$1.55,Aldi,2026-02-21,1.6,20.0,oz,False,0.08,National,Pantry,False,False
Whole Milk,"Friendly Farms Whole Milk, 0.5 gal",0.5 gal,$2.25,Aldi,2026-02-21,2.22,64.0,oz,False,0.034688,Private,Dairy,False,False
Bananas,Publix Green Banana,About 0.4 lb each,Current price: $0.28 each (estimated),Publix,2026-02-21,0.29,6.4,oz,False,0.045312,Private,Produce,False,False
Chicken Breast,Publix Just Bare Brand Boneless Skinless Chicken Breast Fillets,1.13 lb,Current price: $9.43,Publix,2026-02-21,9.46,18.08,oz,False,0.52323,National,Meat,False,False
Dish Soap,"Publix Dawn Ultra Dishwashing Liquid Dish Soap, Original Scent",7.5 fl oz,Current price: $2.09,Publix,2026-02-21,2.12,7.5,oz,False,0.282667,Private,Household,False,False
Gala Apples,Publix Gala Apple,About 0.54 lb each,Current price: $1.59 each (estimated),Publix,2026-02-21,1.54,8.64,oz,False,0.178241,Private,Produce,False,False
Ground Beef 80/20,Publix Publix Market Ground Beef,About 1.15 lb / package,Current price: $8.91 per package (estimated),Publix,2026-02-21,8.89,18.4,oz,False,0.483152,Private,Meat,False,False
Iceberg Lettuce,Publix Iceberg Lettuce,,Current price: $2.97,Publix,2026-02-21,3.02,16,oz,True,0.18875,Private,Produce,False,False
Large Eggs (12 count),"Publix Publix Eggs, Large",12 ct,Current price: $2.43,Publix,2026-02-21,2.43,12.0,count,False,0.2025,Private,Dairy,False,False
Salted Butter,"Publix Publix Butter, Salted, Sweet Cream",8 oz,Current price: $2.43,Publix,2026-02-21,2.45,8.0,oz,False,0.30625,Private,Dairy,False,False
Spaghetti Pasta,"Publix Publix Spaghetti, Thin",16 oz,Current price: $1.37,Publix,2026-02-21,1.35,16.0,oz,False,0.084375,Private,Pantry,False,False
Tomato Sauce,Publix Contadina Tomato Sauce,8 oz,Current price: $1.09,Publix,2026-02-21,1.25,8.0,oz,False,0.15625,National,Pantry,False,False
White Bread,"Publix Publix Bread, Enriched, Large White",20 oz,Current price: $2.65,Publix,2026-02-21,2.7,20.0,oz,False,0.135,Private,Pantry,False,False
Whole Milk,"Publix Publix Milk, Whole",,Current price: $2.43,Publix,2026-02-21,2.39,64,oz,True,0.037344,Private,Dairy,False,False
Bananas,"Walmart Fresh Banana, Each",Each,$0.20,Walmart,2026-02-21,0.24,1.0,count,False,0.24,National,Produce,False,False
Chicken Breast,"Walmart Sanderson Farms Fresh Boneless Skinless Chicken Breast Fillets, 25g Protein, 4oz 112g, 1.6 - 3.05lb",1.6 - 3.05lb,$10.67,Walmart,2026-02-21,10.63,25.6,oz,False,0.415234,National,Meat,False,False
Dish Soap,"Walmart Dawn Ultra Liquid Dish Soap, Dishwashing Liquid, Grease Removal, Original, 5.8oz",5.8oz,$0.97,Walmart,2026-02-21,0.98,5.8,oz,False,0.168966,National,Household,False,False
Gala Apples,"Walmart Fresh Gala Apple, Each",Each,$0.73,Walmart,2026-02-21,0.78,1.0,count,False,0.78,National,Produce,False,False
Ground Beef 80/20,"Walmart 80% Lean / 20% Fat Ground Beef Chuck, 1 lb Roll, Fresh, All Natural*",All Natural*,$7.23,Walmart,2026-02-21,7.26,16,oz,False,0.45375,National,Meat,False,False
Iceberg Lettuce,"Walmart Marketside Fresh Shredded Iceberg Lettuce, 8 oz, Bag",Bag,$1.97,Walmart,2026-02-21,2.01,1.0,count,False,2.01,National,Produce,False,False
Large Eggs (12 count),"Walmart Great Value Extra Large White Eggs, 12 Count",12 Count,$2.22,Walmart,2026-02-21,2.21,12.0,count,False,0.184167,National,Dairy,False,False
Salted Butter,"Walmart Land O Lakes Salted Butter in Half Sticks, 4 Half Sticks, 8 oz Pack",8 oz Pack,$2.86,Walmart,2026-02-21,2.85,8.0,count,False,0.35625,National,Dairy,False,False
Spaghetti Pasta,"Walmart Great Value Spaghetti, 16 oz",16 oz,$0.98,Walmart,2026-02-21,0.95,16.0,oz,False,0.059375,National,Pantry,False,False
Tomato Sauce,"Walmart Great Value Tomato Sauce, 8 oz Can",8 oz Can,$0.48,Walmart,2026-02-21,0.51,8.0,oz,False,0.06375,National,Pantry,False,False
White Bread,"Walmart Great Value White Sandwich Bread, 20 oz",20 oz,$1.54,Walmart,2026-02-21,1.54,20.0,oz,False,0.077,National,Pantry,False,False
Whole Milk,"Walmart Great Value Whole Vitamin D Milk, Gallon, 128 fl oz",128 fl oz,$3.38,Walmart,2026-02-21,3.41,128.0,oz,False,0.026641,National,Dairy,False,False
Bananas,"Bananas, per lb",avg. 0.33 lb/piece  ($0.49/lb),$0.16,Aldi,2026-02-22,0.2,5.28,oz,False,0.037879,National,Produce,False,False
Chicken Breast,"Kirkwood Split Chicken Breasts, per lb",avg. 2.7 lb/package  ($1.99/lb),$5.37,Aldi,2026-02-22,5.34,43.2,oz,False,0.123611,National,Meat,False,False
Dish Soap,"Power Force Original Dishwashing Liquid Detergent, 24 fl oz",24 fl oz,$2.35,Aldi,2026-02-22,2.34,24.0,oz,False,0.0975,National,Household,False,False
Gala Apples,"Gala Apples, 3 lb",3 lb,$2.19,Aldi,2026-02-22,2.27,48.0,oz,False,0.047292,National,Produce,False,False
Ground Beef 80/20,"Fresh  80% Lean 20% Fat Ground Beef Patties, 4 count",avg. 1.33 lb/package  ($5.59/lb),$7.43,Aldi,2026-02-22,7.4,21.28,oz,False,0.347744,National,Meat,False,False
Iceberg Lettuce,"Iceberg Lettuce, each",1 each,$2.55,Aldi,2026-02-22,2.5,1.0,count,False,2.5,National,Produce,False,False
Large Eggs (12 count),"Goldhen Free  Range Large Brown Grade A Eggs, 12 count",12 ct,$4.25,Aldi,2026-02-22,4.26,12.0,count,False,0.355,Private,Dairy,False,False
Salted Butter,"Countryside Creamery Salted Butter Sticks, 1 lb",16 oz,$3.65,Aldi,2026-02-22,3.6,16.0,oz,False,0.225,National,Dairy,False,False
Spaghetti Pasta,"Bon Italia Spaghetti Rings with Meatballs, 15 oz Can",15 oz,$1.09,Aldi,2026-02-22,1.04,15.0,oz,False,0.069333,National,Pantry,False,False
Tomato Sauce,"Happy Harvest Tomato Sauce, 8 oz",8 oz,$0.55,Aldi,2026-02-22,0.58,8.0,oz,False,0.0725,National,Pantry,False,False
White Bread,"L'oven Fresh White Bread,  20 oz",20 oz,$1.55,Aldi,2026-02-22,1.6,20.0,oz,False,0.08,National,Pantry,False,False
Whole Milk,"Friendly Farms Whole Milk, 0.5 gal",0.5 gal,$2.25,Aldi,2026-02-22,2.26,64.0,oz,False,0.035312,Private,Dairy,False,False
Bananas,Publix Green Banana,About 0.4 lb each,Current price: $0.28 each (estimated),Publix,2026-02-22,0.31,6.4,oz,False,0.048437,Private,Produce,False,False
Chicken Breast,Publix Just Bare Brand Boneless Skinless Chicken Breast Fillets,1.13 lb,Current price: $9.43,Publix,2026-02-22,9.39,18.08,oz,False,0.519358,National,Meat,False,False
Dish Soap,"Publix Dawn Ultra Dishwashing Liquid Dish Soap, Original Scent",7.5 fl oz,Current price: $2.09,Publix,2026-02-22,2.1,7.5,oz,False,0.28,Private,Household,False,False
Gala Apples,Publix Gala Apple,About 0.54 lb each,Current price: $1.59 each (estimated),Publix,2026-02-22,1.63,8.64,oz,False,0.188657,Private,Produce,False,False
Ground Beef 80/20,Publix Publix Market Ground Beef,About 1.15 lb / package,Current price: $8.91 per package (estimated),Publix,2026-02-22,8.86,18.4,oz,False,0.481522,Private,Meat,False,False
Iceberg Lettuce,Publix Iceberg Lettuce,,Current price: $2.97,Publix,2026-02-22,2.97,16,oz,True,0.185625,Private,Produce,False,False
Large Eggs (12 count),"Publix Publix Eggs, Large",12 ct,Current price: $2.43,Publix,2026-02-22,2.41,12.0,count,False,0.200833,Private,Dairy,False,False
Salted Butter,"Publix Publix Butter, Salted, Sweet Cream",8 oz,Current price: $2.43,Publix,2026-02-22,2.43,8.0,oz,False,0.30375,Private,Dairy,False,False
Spaghetti Pasta,"Publix Publix Spaghetti, Thin",16 oz,Current price: $1.37,Publix,2026-02-22,1.35,16.0,oz,False,0.084375,Private,Pantry,False,False
Tomato Sauce,Publix Contadina Tomato Sauce,8 oz,Current price: $1.09,Publix,2026-02-22,1.28,8.0,oz,False,0.16,National,Pantry,False,False
White Bread,"Publix Publix Bread, Enriched, Large White",20 oz,Current price: $2.65,Publix,2026-02-22,2.61,20.0,oz,False,0.1305,Private,Pantry,False,False
Whole Milk,"Publix Publix Milk, Whole",,Current price: $2.43,Publix,2026-02-22,2.45,64,oz,True,0.038281,Private,Dairy,False,False
Bananas,"Walmart Fresh Banana, Each",Each,$0.20,Walmart,2026-02-22,0.21,1.0,count,False,0.21,National,Produce,False,False
Chicken Breast,"Walmart Sanderson Farms Fresh Boneless Skinless Chicken Breast Fillets, 25g Protein, 4oz 112g, 1.6 - 3.05lb",1.6 - 3.05lb,$10.67,Walmart,2026-02-22,10.7,25.6,oz,False,0.417969,National,Meat,False,False
Dish Soap,"Walmart Dawn Ultra Liquid Dish Soap, Dishwashing Liquid, Grease Removal, Original, 5.8oz",5.8oz,$0.97,Walmart,2026-02-22,0.99,5.8,oz,False,0.17069,National,Household,False,False
Gala Apples,"Walmart Fresh Gala Apple, Each",Each,$0.73,Walmart,2026-02-22,0.75,1.0,count,False,0.75,National,Produce,False,False
Ground Beef 80/20,"Walmart 80% Lean / 20% Fat Ground Beef Chuck, 1 lb Roll, Fresh, All Natural*",All Natural*,$7.23,Walmart,2026-02-22,7.27,16,oz,False,0.454375,National,Meat,False,False
Iceberg Lettuce,"Walmart Marketside Fresh Shredded Iceberg Lettuce, 8 oz, Bag",Bag,$1.97,Walmart,2026-02-22,2.0,1.0,count,False,2.0,National,Produce,False,False
Large Eggs (12 count),"Walmart Great Value Extra Large White Eggs, 12 Count",12 Count,$2.22,Walmart,2026-02-22,2.22,12.0,count,False,0.185,National,Dairy,False,False
Salted Butter,"Walmart Land O Lakes Salted Butter in Half Sticks, 4 Half Sticks, 8 oz Pack",8 oz Pack,$2.86,Walmart,2026-02-22,2.82,8.0,count,False,0.3525,National,Dairy,False,False
Spaghetti Pasta,"Walmart Great Value Spaghetti, 16 oz",16 oz,$0.98,Walmart,2026-02-22,0.98,16.0,oz,False,0.06125,National,Pantry,False,False
Tomato Sauce,"Walmart Great Value Tomato Sauce, 8 oz Can",8 oz Can,$0.48,Walmart,2026-02-22,0.47,8.0,oz,False,0.05875,National,Pantry,False,False
White Bread,"Walmart Great Value White Sandwich Bread, 20 oz",20 oz,$1.54,Walmart,2026-02-22,1.57,20.0,oz,False,0.0785,National,Pantry,False,False
Whole Milk,"Walmart Great Value Whole Vitamin D Milk, Gallon, 128 fl oz",128 fl oz,$3.38,Walmart,2026-02-22,3.37,128.0,oz,False,0.026328,National,Dairy,False,False
Bananas,"Bananas, per lb",avg. 0.33 lb/piece  ($0.49/lb),$0.16,Aldi,2026-02-23,0.14,5.28,oz,False,0.026515,National,Produce,False,False
Chicken Breast,"Kirkwood Split Chicken Breasts, per lb",avg. 2.7 lb/package  ($1.99/lb),$5.37,Aldi,2026-02-23,5.33,43.2,oz,False,0.12338,National,Meat,False,False
Dish Soap,"Power Force Original Dishwashing Liquid Detergent, 24 fl oz",24 fl oz,$2.35,Aldi,2026-02-23,2.36,24.0,oz,False,0.098333,National,Household,False,False
Gala Apples,"Gala Apples, 3 lb",3 lb,$2.19,Aldi,2026-02-23,2.26,48.0,oz,False,0.047083,National,Produce,False,False
Ground Beef 80/20,"Fresh  80% Lean 20% Fat Ground Beef Patties, 4 count",avg. 1.33 lb/package  ($5.59/lb),$7.43,Aldi,2026-02-23,7.43,21.28,oz,False,0.349154,National,Meat,False,False
Iceberg Lettuce,"Iceberg Lettuce, each",1 each,$2.55,Aldi,2026-02-23,2.52,1.0,count,False,2.52,National,Produce,False,False
Large Eggs (12 count),"Goldhen Free  Range Large Brown Grade A Eggs, 12 count",12 ct,$4.25,Aldi,2026-02-23,4.24,12.0,count,False,0.353333,Private,Dairy,False,False
Salted Butter,"Countryside Creamery Salted Butter Sticks, 1 lb",16 oz,$3.65,Aldi,2026-02-23,3.62,16.0,oz,False,0.22625,National,Dairy,False,False
Spaghetti Pasta,"Bon Italia Spaghetti Rings with Meatballs, 15 oz Can",15 oz,$1.09,Aldi,2026-02-23,1.05,15.0,oz,False,0.07,National,Pantry,False,False
Tomato Sauce,"Happy Harvest Tomato Sauce, 8 oz",8 oz,$0.55,Aldi,2026-02-23,0.51,8.0,oz,False,0.06375,National,Pantry,False,False
White Bread,"L'oven Fresh White Bread,  20 oz",20 oz,$1.55,Aldi,2026-02-23,1.6,20.0,oz,False,0.08,National,Pantry,False,False
Whole Milk,"Friendly Farms Whole Milk, 0.5 gal",0.5 gal,$2.25,Aldi,2026-02-23,2.28,64.0,oz,False,0.035625,Private,Dairy,False,False
Bananas,Publix Green Banana,About 0.4 lb each,Current price: $0.28 each (estimated),Publix,2026-02-23,0.25,6.4,oz,False,0.039062,Private,Produce,False,False
Chicken Breast,Publix Just Bare Brand Boneless Skinless Chicken Breast Fillets,1.13 lb,Current price: $9.43,Publix,2026-02-23,9.42,18.08,oz,False,0.521018,National,Meat,False,False
Dish Soap,"Publix Dawn Ultra Dishwashing Liquid Dish Soap, Original Scent",7.5 fl oz,Current price: $2.09,Publix,2026-02-23,2.11,7.5,oz,False,0.281333,Private,Household,False,False
Gala Apples,Publix Gala Apple,About 0.54 lb each,Current price: $1.59 each (estimated),Publix,2026-02-23,1.55,8.64,oz,False,0.179398,Private,Produce,False,False
Ground Beef 80/20,Publix Publix Market Ground Beef,About 1.15 lb / package,Current price: $8.91 per package (estimated),Publix,2026-02-23,8.94,18.4,oz,False,0.48587,Private,Meat,False,False
Iceberg Lettuce,Publix Iceberg Lettuce,,Current price: $2.97,Publix,2026-02-23,2.95,16,oz,True,0.184375,Private,Produce,False,False
Large Eggs (12 count),"Publix Publix Eggs, Large",12 ct,Current price: $2.43,Publix,2026-02-23,2.46,12.0,count,False,0.205,Private,Dairy,False,False
Salted Butter,"Publix Publix Butter, Salted, Sweet Cream",8 oz,Current price: $2.43,Publix,2026-02-23,2.42,8.0,oz,False,0.3025,Private,Dairy,False,False
Spaghetti Pasta,"Publix Publix Spaghetti, Thin",16 oz,Current price: $1.37,Publix,2026-02-23,1.35,16.0,oz,False,0.084375,Private,Pantry,False,False
Tomato Sauce,Publix Contadina Tomato Sauce,8 oz,Current price: $1.09,Publix,2026-02-23,1.36,8.0,oz,False,0.17,National,Pantry,False,False
White Bread,"Publix Publix Bread, Enriched, Large White",20 oz,Current price: $2.65,Publix,2026-02-23,2.68,20.0,oz,False,0.134,Private,Pantry,False,False
Whole Milk,"Publix Publix Milk, Whole",,Current price: $2.43,Publix,2026-02-23,2.44,64,oz,True,0.038125,Private,Dairy,False,False
Bananas,"Walmart Fresh Banana, Each",Each,$0.20,Walmart,2026-02-23,0.21,1.0,count,False,0.21,National,Produce,False,False
Chicken Breast,"Walmart Sanderson Farms Fresh Boneless Skinless Chicken Breast Fillets, 25g Protein, 4oz 112g, 1.6 - 3.05lb",1.6 - 3.05lb,$10.67,Walmart,2026-02-23,10.67,25.6,oz,False,0.416797,National,Meat,False,False
Dish Soap,"Walmart Dawn Ultra Liquid Dish Soap, Dishwashing Liquid, Grease Removal, Original, 5.8oz",5.8oz,$0.97,Walmart,2026-02-23,0.95,5.8,oz,False,0.163793,National,Household,False,False
Gala Apples,"Walmart Fresh Gala Apple, Each",Each,$0.73,Walmart,2026-02-23,0.71,1.0,count,False,0.71,National,Produce,False,False
Ground Beef 80/20,"Walmart 80% Lean / 20% Fat Ground Beef Chuck, 1 lb Roll, Fresh, All Natural*",All Natural*,$7.23,Walmart,2026-02-23,7.21,16,oz,False,0.450625,National,Meat,False,False
Iceberg Lettuce,"Walmart Marketside Fresh Shredded Iceberg Lettuce, 8 oz, Bag",Bag,$1.97,Walmart,2026-02-23,1.95,1.0,count,False,1.95,National,Produce,False,False
Large Eggs (12 count),"Walmart Great Value Extra Large White Eggs, 12 Count",12 Count,$2.22,Walmart,2026-02-23,2.22,12.0,count,False,0.185,National,Dairy,False,False
Salted Butter,"Walmart Land O Lakes Salted Butter in Half Sticks, 4 Half Sticks, 8 oz Pack",8 oz Pack,$2.86,Walmart,2026-02-23,2.86,8.0,count,False,0.3575,National,Dairy,False,False
Spaghetti Pasta,"Walmart Great Value Spaghetti, 16 oz",16 oz,$0.98,Walmart,2026-02-23,0.95,16.0,oz,False,0.059375,National,Pantry,False,False
Tomato Sauce,"Walmart Great Value Tomato Sauce, 8 oz Can",8 oz Can,$0.48,Walmart,2026-02-23,0.51,8.0,oz,False,0.06375,National,Pantry,False,False
White Bread,"Walmart Great Value White Sandwich Bread, 20 oz",20 oz,$1.54,Walmart,2026-02-23,1.54,20.0,oz,False,0.077,National,Pantry,False,False
Whole Milk,"Walmart Great Value Whole Vitamin D Milk, Gallon, 128 fl oz",128 fl oz,$3.38,Walmart,2026-02-23,3.42,128.0,oz,False,0.026719,National,Dairy,False,False
Bananas,"Bananas, per lb",avg. 0.33 lb/piece  ($0.49/lb),$0.16,Aldi,2026-02-24,0.16,5.28,oz,False,0.030303,National,Produce,False,False
Chicken Breast,"Kirkwood Split Chicken Breasts, per lb",avg. 2.7 lb/package  ($1.99/lb),$5.37,Aldi,2026-02-24,5.41,43.2,oz,False,0.125231,National,Meat,False,False
Dish Soap,"Power Force Original Dishwashing Liquid Detergent, 24 fl oz",24 fl oz,$2.35,Aldi,2026-02-24,2.33,24.0,oz,False,0.097083,National,Household,False,False
Gala Apples,"Gala Apples, 3 lb",3 lb,$2.19,Aldi,2026-02-24,2.34,48.0,oz,False,0.04875,National,Produce,False,False
Ground Beef 80/20,"Fresh  80% Lean 20% Fat Ground Beef Patties, 4 count",avg. 1.33 lb/package  ($5.59/lb),$7.43,Aldi,2026-02-24,7.4,21.28,oz,False,0.347744,National,Meat,False,False
Iceberg Lettuce,"Iceberg Lettuce, each",1 each,$2.55,Aldi,2026-02-24,2.51,1.0,count,False,2.51,National,Produce,False,False
Large Eggs (12 count),"Goldhen Free  Range Large Brown Grade A Eggs, 12 count",12 ct,$4.25,Aldi,2026-02-24,4.24,12.0,count,False,0.353333,Private,Dairy,False,False
Salted Butter,"Countryside Creamery Salted Butter Sticks, 1 lb",16 oz,$3.65,Aldi,2026-02-24,3.58,16.0,oz,False,0.22375,National,Dairy,False,False
Spaghetti Pasta,"Bon Italia Spaghetti Rings with Meatballs, 15 oz Can",15 oz,$1.09,Aldi,2026-02-24,1.13,15.0,oz,False,0.075333,National,Pantry,False,False
Tomato Sauce,"Happy Harvest Tomato Sauce, 8 oz",8 oz,$0.55,Aldi,2026-02-24,0.59,8.0,oz,False,0.07375,National,Pantry,False,False
White Bread,"L'oven Fresh White Bread,  20 oz",20 oz,$1.55,Aldi,2026-02-24,1.64,20.0,oz,False,0.082,National,Pantry,False,False
Whole Milk,"Friendly Farms Whole Milk, 0.5 gal",0.5 gal,$2.25,Aldi,2026-02-24,2.2,64.0,oz,False,0.034375,Private,Dairy,False,False
Bananas,Publix Green Banana,About 0.4 lb each,Current price: $0.28 each (estimated),Publix,2026-02-24,0.28,6.4,oz,False,0.04375,Private,Produce,False,False
Chicken Breast,Publix Just Bare Brand Boneless Skinless Chicken Breast Fillets,1.13 lb,Current price: $9.43,Publix,2026-02-24,9.4,18.08,oz,False,0.519912,National,Meat,False,False
Dish Soap,"Publix Dawn Ultra Dishwashing Liquid Dish Soap, Original Scent",7.5 fl oz,Current price: $2.09,Publix,2026-02-24,2.13,7.5,oz,False,0.284,Private,Household,False,False
Gala Apples,Publix Gala Apple,About 0.54 lb each,Current price: $1.59 each (estimated),Publix,2026-02-24,1.61,8.64,oz,False,0.186343,Private,Produce,False,False
Ground Beef 80/20,Publix Publix Market Ground Beef,About 1.15 lb / package,Current price: $8.91 per package (estimated),Publix,2026-02-24,8.91,18.4,oz,False,0.484239,Private,Meat,False,False
Iceberg Lettuce,Publix Iceberg Lettuce,,Current price: $2.97,Publix,2026-02-24,2.93,16,oz,True,0.183125,Private,Produce,False,False
Large Eggs (12 count),"Publix Publix Eggs, Large",12 ct,Current price: $2.43,Publix,2026-02-24,2.46,12.0,count,False,0.205,Private,Dairy,False,False
Salted Butter,"Publix Publix Butter, Salted, Sweet Cream",8 oz,Current price: $2.43,Publix,2026-02-24,2.4,8.0,oz,False,0.3,Private,Dairy,False,False
Spaghetti Pasta,"Publix Publix Spaghetti, Thin",16 oz,Current price: $1.37,Publix,2026-02-24,1.37,16.0,oz,False,0.085625,Private,Pantry,False,False
Tomato Sauce,Publix Contadina Tomato Sauce,8 oz,Current price: $1.09,Publix,2026-02-24,1.38,8.0,oz,False,0.1725,National,Pantry,False,False
White Bread,"Publix Publix Bread, Enriched, Large White",20 oz,Current price: $2.65,Publix,2026-02-24,2.66,20.0,oz,False,0.133,Private,Pantry,False,False
Whole Milk,"Publix Publix Milk, Whole",,Current price: $2.43,Publix,2026-02-24,2.4,64,oz,True,0.0375,Private,Dairy,False,False
Bananas,"Walmart Fresh Banana, Each",Each,$0.20,Walmart,2026-02-24,0.22,1.0,count,False,0.22,National,Produce,False,False
Chicken Breast,"Walmart Sanderson Farms Fresh Boneless Skinless Chicken Breast Fillets, 25g Protein, 4oz 112g, 1.6 - 3.05lb",1.6 - 3.05lb,$10.67,Walmart,2026-02-24,10.69,25.6,oz,False,0.417578,National,Meat,False,False
Dish Soap,"Walmart Dawn Ultra Liquid Dish Soap, Dishwashing Liquid, Grease Removal, Original, 5.8oz",5.8oz,$0.97,Walmart,2026-02-24,0.99,5.8,oz,False,0.17069,National,Household,False,False
Gala Apples,"Walmart Fresh Gala Apple, Each",Each,$0.73,Walmart,2026-02-24,0.74,1.0,count,False,0.74,National,Produce,False,False
Ground Beef 80/20,"Walmart 80% Lean / 20% Fat Ground Beef Chuck, 1 lb Roll, Fresh, All Natural*",All Natural*,$7.23,Walmart,2026-02-24,7.22,16,oz,False,0.45125,National,Meat,False,False
Iceberg Lettuce,"Walmart Marketside Fresh Shredded Iceberg Lettuce, 8 oz, Bag",Bag,$1.97,Walmart,2026-02-24,2.0,1.0,count,False,2.0,National,Produce,False,False
Large Eggs (12 count),"Walmart Great Value Extra Large White Eggs, 12 Count",12 Count,$2.22,Walmart,2026-02-24,2.24,12.0,count,False,0.186667,National,Dairy,False,False
Salted Butter,"Walmart Land O Lakes Salted Butter in Half Sticks, 4 Half Sticks, 8 oz Pack",8 oz Pack,$2.86,Walmart,2026-02-24,2.87,8.0,count,False,0.35875,National,Dairy,False,False
Spaghetti Pasta,"Walmart Great Value Spaghetti, 16 oz",16 oz,$0.98,Walmart,2026-02-24,0.96,16.0,oz,False,0.06,National,Pantry,False,False
Tomato Sauce,"Walmart Great Value Tomato Sauce, 8 oz Can",8 oz Can,$0.48,Walmart,2026-02-24,0.49,8.0,oz,False,0.06125,National,Pantry,False,False
White Bread,"Walmart Great Value White Sandwich Bread, 20 oz",20 oz,$1.54,Walmart,2026-02-24,1.5,20.0,oz,False,0.075,National,Pantry,False,False
Whole Milk,"Walmart Great Value Whole Vitamin D Milk, Gallon, 128 fl oz",128 fl oz,$3.38,Walmart,2026-02-24,3.38,128.0,oz,False,0.026406,National,Dairy,False,False
Bananas,"Bananas, per lb",avg. 0.33 lb/piece  ($0.49/lb),$0.16,Aldi,2026-02-25,0.13,5.28,oz,False,0.024621,National,Produce,False,False
Chicken Breast,"Kirkwood Split Chicken Breasts, per lb",avg. 2.7 lb/package  ($1.99/lb),$5.37,Aldi,2026-02-25,5.34,43.2,oz,False,0.123611,National,Meat,False,False
Dish Soap,"Power Force Original Dishwashing Liquid Detergent, 24 fl oz",24 fl oz,$2.35,Aldi,2026-02-25,2.37,24.0,oz,False,0.09875,National,Household,False,False
Gala Apples,"Gala Apples, 3 lb",3 lb,$2.19,Aldi,2026-02-25,2.31,48.0,oz,False,0.048125,National,Produce,False,False
Ground Beef 80/20,"Fresh  80% Lean 20% Fat Ground Beef Patties, 4 count",avg. 1.33 lb/package  ($5.59/lb),$7.43,Aldi,2026-02-25,7.42,21.28,oz,False,0.348684,National,Meat,False,False
Iceberg Lettuce,"Iceberg Lettuce, each",1 each,$2.55,Aldi,2026-02-25,2.44,1.0,count,False,2.44,National,Produce,False,False
Large Eggs (12 count),"Goldhen Free  Range Large Brown Grade A Eggs, 12 count",12 ct,$4.25,Aldi,2026-02-25,4.22,12.0,count,False,0.351667,Private,Dairy,False,False
Salted Butter,"Countryside Creamery Salted Butter Sticks, 1 lb",16 oz,$3.65,Aldi,2026-02-25,3.61,16.0,oz,False,0.225625,National,Dairy,False,False
Spaghetti Pasta,"Bon Italia Spaghetti Rings with Meatballs, 15 oz Can",15 oz,$1.09,Aldi,2026-02-25,1.13,15.0,oz,False,0.075333,National,Pantry,False,False
Tomato Sauce,"Happy Harvest Tomato Sauce, 8 oz",8 oz,$0.55,Aldi,2026-02-25,0.59,8.0,oz,False,0.07375,National,Pantry,False,False
White Bread,"L'oven Fresh White Bread,  20 oz",20 oz,$1.55,Aldi,2026-02-25,1.62,20.0,oz,False,0.081,National,Pantry,False,False
Whole Milk,"Friendly Farms Whole Milk, 0.5 gal",0.5 gal,$2.25,Aldi,2026-02-25,2.28,64.0,oz,False,0.035625,Private,Dairy,False,False
Bananas,Publix Green Banana,About 0.4 lb each,Current price: $0.28 each (estimated),Publix,2026-02-25,0.32,6.4,oz,False,0.05,Private,Produce,False,False
Chicken Breast,Publix Just Bare Brand Boneless Skinless Chicken Breast Fillets,1.13 lb,Current price: $9.43,Publix,2026-02-25,9.48,18.08,oz,False,0.524336,National,Meat,False,False
Dish Soap,"Publix Dawn Ultra Dishwashing Liquid Dish Soap, Original Scent",7.5 fl oz,Current price: $2.09,Publix,2026-02-25,2.08,7.5,oz,False,0.277333,Private,Household,False,False
Gala Apples,Publix Gala Apple,About 0.54 lb each,Current price: $1.59 each (estimated),Publix,2026-02-25,1.59,8.64,oz,False,0.184028,Private,Produce,False,False
Ground Beef 80/20,Publix Publix Market Ground Beef,About 1.15 lb / package,Current price: $8.91 per package (estimated),Publix,2026-02-25,8.93,18.4,oz,False,0.485326,Private,Meat,False,False
Iceberg Lettuce,Publix Iceberg Lettuce,,Current price: $2.97,Publix,2026-02-25,2.94,16,oz,True,0.18375,Private,Produce,False,False
Large Eggs (12 count),"Publix Publix Eggs, Large",12 ct,Current price: $2.43,Publix,2026-02-25,2.39,12.0,count,False,0.199167,Private,Dairy,False,False
Salted Butter,"Publix Publix Butter, Salted, Sweet Cream",8 oz,Current price: $2.43,Publix,2026-02-25,2.43,8.0,oz,False,0.30375,Private,Dairy,False,False
Spaghetti Pasta,"Publix Publix Spaghetti, Thin",16 oz,Current price: $1.37,Publix,2026-02-25,1.33,16.0,oz,False,0.083125,Private,Pantry,False,False
Tomato Sauce,Publix Contadina Tomato Sauce,8 oz,Current price: $1.09,Publix,2026-02-25,1.49,8.0,oz,False,0.18625,National,Pantry,False,False
White Bread,"Publix Publix Bread, Enriched, Large White",20 oz,Current price: $2.65,Publix,2026-02-25,2.68,20.0,oz,False,0.134,Private,Pantry,False,False
Whole Milk,"Publix Publix Milk, Whole",,Current price: $2.43,Publix,2026-02-25,2.45,64,oz,True,0.038281,Private,Dairy,False,False
Bananas,"Walmart Fresh Banana, Each",Each,$0.20,Walmart,2026-02-25,0.19,1.0,count,False,0.19,National,Produce,False,False
Chicken Breast,"Walmart Sanderson Farms Fresh Boneless Skinless Chicken Breast Fillets, 25g Protein, 4oz 112g, 1.6 - 3.05lb",1.6 - 3.05lb,$10.67,Walmart,2026-02-25,10.68,25.6,oz,False,0.417187,National,Meat,False,False
Dish Soap,"Walmart Dawn Ultra Liquid Dish Soap, Dishwashing Liquid, Grease Removal, Original, 5.8oz",5.8oz,$0.97,Walmart,2026-02-25,0.97,5.8,oz,False,0.167241,National,Household,False,False
Gala Apples,"Walmart Fresh Gala Apple, Each",Each,$0.73,Walmart,2026-02-25,0.75,1.0,count,False,0.75,National,Produce,False,False
Ground Beef 80/20,"Walmart 80% Lean / 20% Fat Ground Beef Chuck, 1 lb Roll, Fresh, All Natural*",All Natural*,$7.23,Walmart,2026-02-25,7.19,16,oz,False,0.449375,National,Meat,False,False
Iceberg Lettuce,"Walmart Marketside Fresh Shredded Iceberg Lettuce, 8 oz, Bag",Bag,$1.97,Walmart,2026-02-25,1.97,1.0,count,False,1.97,National,Produce,False,False
Large Eggs (12 count),"Walmart Great Value Extra Large White Eggs, 12 Count",12 Count,$2.22,Walmart,2026-02-25,2.21,12.0,count,False,0.184167,National,Dairy,False,False
Salted Butter,"Walmart Land O Lakes Salted Butter in Half Sticks, 4 Half Sticks, 8 oz Pack",8 oz Pack,$2.86,Walmart,2026-02-25,2.89,8.0,count,False,0.36125,National,Dairy,False,False
Spaghetti Pasta,"Walmart Great Value Spaghetti, 16 oz",16 oz,$0.98,Walmart,2026-02-25,0.98,16.0,oz,False,0.06125,National,Pantry,False,False
Tomato Sauce,"Walmart Great Value Tomato Sauce, 8 oz Can",8 oz Can,$0.48,Walmart,2026-02-25,0.51,8.0,oz,False,0.06375,National,Pantry,False,False
White Bread,"Walmart Great Value White Sandwich Bread, 20 oz",20 oz,$1.54,Walmart,2026-02-25,1.54,20.0,oz,False,0.077,National,Pantry,False,False
Whole Milk,"Walmart Great Value Whole Vitamin D Milk, Gallon, 128 fl oz",128 fl oz,$3.38,Walmart,2026-02-25,3.41,128.0,oz,False,0.026641,National,Dairy,False,False
Bananas,"Bananas, per lb",avg. 0.33 lb/piece  ($0.49/lb),$0.16,Aldi,2026-02-26,0.2,5.28,oz,False,0.037879,National,Produce,False,False
Chicken Breast,"Kirkwood Split Chicken Breasts, per lb",avg. 2.7 lb/package  ($1.99/lb),$5.37,Aldi,2026-02-26,5.38,43.2,oz,False,0.124537,National,Meat,False,False
Dish Soap,"Power Force Original Dishwashing Liquid Detergent, 24 fl oz",24 fl oz,$2.35,Aldi,2026-02-26,2.3,24.0,oz,False,0.095833,National,Household,False,False
Gala Apples,"Gala Apples, 3 lb",3 lb,$2.19,Aldi,2026-02-26,2.31,48.0,oz,False,0.048125,National,Produce,False,False
Ground Beef 80/20,"Fresh  80% Lean 20% Fat Ground Beef Patties, 4 count",avg. 1.33 lb/package  ($5.59/lb),$7.43,Aldi,2026-02-26,7.39,21.28,oz,False,0.347274,National,Meat,False,False
Iceberg Lettuce,"Iceberg Lettuce, each",1 each,$2.55,Aldi,2026-02-26,2.42,1.0,count,False,2.42,National,Produce,False,False
Large Eggs (12 count),"Goldhen Free  Range Large Brown Grade A Eggs, 12 count",12 ct,$4.25,Aldi,2026-02-26,4.23,12.0,count,False,0.3525,Private,Dairy,False,False
Salted Butter,"Countryside Creamery Salted Butter Sticks, 1 lb",16 oz,$3.65,Aldi,2026-02-26,3.63,16.0,oz,False,0.226875,National,Dairy,False,False
Spaghetti Pasta,"Bon Italia Spaghetti Rings with Meatballs, 15 oz Can",15 oz,$1.09,Aldi,2026-02-26,1.09,15.0,oz,False,0.072667,National,Pantry,False,False
Tomato Sauce,"Happy Harvest Tomato Sauce, 8 oz",8 oz,$0.55,Aldi,2026-02-26,0.52,8.0,oz,False,0.065,National,Pantry,False,False
White Bread,"L'oven Fresh White Bread,  20 oz",20 oz,$1.55,Aldi,2026-02-26,1.56,20.0,oz,False,0.078,National,Pantry,False,False
Whole Milk,"Friendly Farms Whole Milk, 0.5 gal",0.5 gal,$2.25,Aldi,2026-02-26,2.27,64.0,oz,False,0.035469,Private,Dairy,False,False
Bananas,Publix Green Banana,About 0.4 lb each,Current price: $0.28 each (estimated),Publix,2026-02-26,0.27,6.4,oz,False,0.042188,Private,Produce,False,False
Chicken Breast,Publix Just Bare Brand Boneless Skinless Chicken Breast Fillets,1.13 lb,Current price: $9.43,Publix,2026-02-26,9.43,18.08,oz,False,0.521571,National,Meat,False,False
Dish Soap,"Publix Dawn Ultra Dishwashing Liquid Dish Soap, Original Scent",7.5 fl oz,Current price: $2.09,Publix,2026-02-26,2.09,7.5,oz,False,0.278667,Private,Household,False,False
Gala Apples,Publix Gala Apple,About 0.54 lb each,Current price: $1.59 each (estimated),Publix,2026-02-26,1.62,8.64,oz,False,0.1875,Private,Produce,False,False
Ground Beef 80/20,Publix Publix Market Ground Beef,About 1.15 lb / package,Current price: $8.91 per package (estimated),Publix,2026-02-26,8.95,18.4,oz,False,0.486413,Private,Meat,False,False
Iceberg Lettuce,Publix Iceberg Lettuce,,Current price: $2.97,Publix,2026-02-26,2.94,16,oz,True,0.18375,Private,Produce,False,False
Large Eggs (12 count),"Publix Publix Eggs, Large",12 ct,Current price: $2.43,Publix,2026-02-26,2.48,12.0,count,False,0.206667,Private,Dairy,False,False
Salted Butter,"Publix Publix Butter, Salted, Sweet Cream",8 oz,Current price: $2.43,Publix,2026-02-26,2.47,8.0,oz,False,0.30875,Private,Dairy,False,False
Spaghetti Pasta,"Publix Publix Spaghetti, Thin",16 oz,Current price: $1.37,Publix,2026-02-26,1.34,16.0,oz,False,0.08375,Private,Pantry,False,False
Tomato Sauce,Publix Contadina Tomato Sauce,8 oz,Current price: $1.09,Publix,2026-02-26,1.48,8.0,oz,False,0.185,National,Pantry,False,False
White Bread,"Publix Publix Bread, Enriched, Large White",20 oz,Current price: $2.65,Publix,2026-02-26,2.62,20.0,oz,False,0.131,Private,Pantry,False,False
Whole Milk,"Publix Publix Milk, Whole",,Current price: $2.43,Publix,2026-02-26,2.46,64,oz,True,0.038437,Private,Dairy,False,False
Bananas,"Walmart Fresh Banana, Each",Each,$0.20,Walmart,2026-02-26,0.16,1.0,count,False,0.16,National,Produce,False,False
Chicken Breast,"Walmart Sanderson Farms Fresh Boneless Skinless Chicken Breast Fillets, 25g Protein, 4oz 112g, 1.6 - 3.05lb",1.6 - 3.05lb,$10.67,Walmart,2026-02-26,10.68,25.6,oz,False,0.417187,National,Meat,False,False
Dish Soap,"Walmart Dawn Ultra Liquid Dish Soap, Dishwashing Liquid, Grease Removal, Original, 5.8oz",5.8oz,$0.97,Walmart,2026-02-26,0.96,5.8,oz,False,0.165517,National,Household,False,False
Gala Apples,"Walmart Fresh Gala Apple, Each",Each,$0.73,Walmart,2026-02-26,0.75,1.0,count,False,0.75,National,Produce,False,False
Ground Beef 80/20,"Walmart 80% Lean / 20% Fat Ground Beef Chuck, 1 lb Roll, Fresh, All Natural*",All Natural*,$7.23,Walmart,2026-02-26,7.27,16,oz,False,0.454375,National,Meat,False,False
Iceberg Lettuce,"Walmart Marketside Fresh Shredded Iceberg Lettuce, 8 oz, Bag",Bag,$1.97,Walmart,2026-02-26,2.0,1.0,count,False,2.0,National,Produce,False,False
Large Eggs (12 count),"Walmart Great Value Extra Large White Eggs, 12 Count",12 Count,$2.22,Walmart,2026-02-26,2.24,12.0,count,False,0.186667,National,Dairy,False,False
Salted Butter,"Walmart Land O Lakes Salted Butter in Half Sticks, 4 Half Sticks, 8 oz Pack",8 oz Pack,$2.86,Walmart,2026-02-26,2.83,8.0,count,False,0.35375,National,Dairy,False,False
Spaghetti Pasta,"Walmart Great Value Spaghetti, 16 oz",16 oz,$0.98,Walmart,2026-02-26,0.97,16.0,oz,False,0.060625,National,Pantry,False,False
Tomato Sauce,"Walmart Great Value Tomato Sauce, 8 oz Can",8 oz Can,$0.48,Walmart,2026-02-26,0.51,8.0,oz,False,0.06375,National,Pantry,False,False
White Bread,"Walmart Great Value White Sandwich Bread, 20 oz",20 oz,$1.54,Walmart,2026-02-26,1.58,20.0,oz,False,0.079,National,Pantry,False,False
Whole Milk,"Walmart Great Value Whole Vitamin D Milk, Gallon, 128 fl oz",128 fl oz,$3.38,Walmart,2026-02-26,3.36,128.0,oz,False,0.02625,National,Dairy,False,False
Bananas,"Bananas, per lb",avg. 0.33 lb/piece  ($0.49/lb),$0.16,Aldi,2026-02-27,0.2,5.28,oz,False,0.037879,National,Produce,False,False
Chicken Breast,"Kirkwood Split Chicken Breasts, per lb",avg. 2.7 lb/package  ($1.99/lb),$5.37,Aldi,2026-02-27,5.38,43.2,oz,False,0.124537,National,Meat,False,False
Dish Soap,"Power Force Original Dishwashing Liquid Detergent, 24 fl oz",24 fl oz,$2.35,Aldi,2026-02-27,2.39,24.0,oz,False,0.099583,National,Household,False,False
Gala Apples,"Gala Apples, 3 lb",3 lb,$2.19,Aldi,2026-02-27,2.36,48.0,oz,False,0.049167,National,Produce,False,False
Ground Beef 80/20,"Fresh  80% Lean 20% Fat Ground Beef Patties, 4 count",avg. 1.33 lb/package  ($5.59/lb),$7.43,Aldi,2026-02-27,7.42,21.28,oz,False,0.348684,National,Meat,False,False
Iceberg Lettuce,"Iceberg Lettuce, each",1 each,$2.55,Aldi,2026-02-27,2.44,1.0,count,False,2.44,National,Produce,False,False
Large Eggs (12 count),"Goldhen Free  Range Large Brown Grade A Eggs, 12 count",12 ct,$4.25,Aldi,2026-02-27,4.29,12.0,count,False,0.3575,Private,Dairy,False,False
Salted Butter,"Countryside Creamery Salted Butter Sticks, 1 lb",16 oz,$3.65,Aldi,2026-02-27,3.58,16.0,oz,False,0.22375,National,Dairy,False,False
Spaghetti Pasta,"Bon Italia Spaghetti Rings with Meatballs, 15 oz Can",15 oz,$1.09,Aldi,2026-02-27,1.12,15.0,oz,False,0.074667,National,Pantry,False,False
Tomato Sauce,"Happy Harvest Tomato Sauce, 8 oz",8 oz,$0.55,Aldi,2026-02-27,0.58,8.0,oz,False,0.0725,National,Pantry,False,False
White Bread,"L'oven Fresh White Bread,  20 oz",20 oz,$1.55,Aldi,2026-02-27,1.65,20.0,oz,False,0.0825,National,Pantry,False,False
Whole Milk,"Friendly Farms Whole Milk, 0.5 gal",0.5 gal,$2.25,Aldi,2026-02-27,2.23,64.0,oz,False,0.034844,Private,Dairy,False,False
Bananas,Publix Green Banana,About 0.4 lb each,Current price: $0.28 each (estimated),Publix,2026-02-27,0.3,6.4,oz,False,0.046875,Private,Produce,False,False
Chicken Breast,Publix Just Bare Brand Boneless Skinless Chicken Breast Fillets,1.13 lb,Current price: $9.43,Publix,2026-02-27,9.39,18.08,oz,False,0.519358,National,Meat,False,False
Dish Soap,"Publix Dawn Ultra Dishwashing Liquid Dish Soap, Original Scent",7.5 fl oz,Current price: $2.09,Publix,2026-02-27,2.1,7.5,oz,False,0.28,Private,Household,False,False
Gala Apples,Publix Gala Apple,About 0.54 lb each,Current price: $1.59 each (estimated),Publix,2026-02-27,1.61,8.64,oz,False,0.186343,Private,Produce,False,False
Ground Beef 80/20,Publix Publix Market Ground Beef,About 1.15 lb / package,Current price: $8.91 per package (estimated),Publix,2026-02-27,8.88,18.4,oz,False,0.482609,Private,Meat,False,False
Iceberg Lettuce,Publix Iceberg Lettuce,,Current price: $2.97,Publix,2026-02-27,2.94,16,oz,True,0.18375,Private,Produce,False,False
Large Eggs (12 count),"Publix Publix Eggs, Large",12 ct,Current price: $2.43,Publix,2026-02-27,2.44,12.0,count,False,0.203333,Private,Dairy,False,False
Salted Butter,"Publix Publix Butter, Salted, Sweet Cream",8 oz,Current price: $2.43,Publix,2026-02-27,2.46,8.0,oz,False,0.3075,Private,Dairy,False,False
Spaghetti Pasta,"Publix Publix Spaghetti, Thin",16 oz,Current price: $1.37,Publix,2026-02-27,1.39,16.0,oz,False,0.086875,Private,Pantry,False,False
Tomato Sauce,Publix Contadina Tomato Sauce,8 oz,Current price: $1.09,Publix,2026-02-27,1.57,8.0,oz,False,0.19625,National,Pantry,False,False
White Bread,"Publix Publix Bread, Enriched, Large White",20 oz,Current price: $2.65,Publix,2026-02-27,2.65,20.0,oz,False,0.1325,Private,Pantry,False,False
Whole Milk,"Publix Publix Milk, Whole",,Current price: $2.43,Publix,2026-02-27,2.4,64,oz,True,0.0375,Private,Dairy,False,False
Bananas,"Walmart Fresh Banana, Each",Each,$0.20,Walmart,2026-02-27,0.15,1.0,count,False,0.15,National,Produce,False,False
Chicken Breast,"Walmart Sanderson Farms Fresh Boneless Skinless Chicken Breast Fillets, 25g Protein, 4oz 112g, 1.6 - 3.05lb",1.6 - 3.05lb,$10.67,Walmart,2026-02-27,10.62,25.6,oz,False,0.414844,National,Meat,False,False
Dish Soap,"Walmart Dawn Ultra Liquid Dish Soap, Dishwashing Liquid, Grease Removal, Original, 5.8oz",5.8oz,$0.97,Walmart,2026-02-27,0.95,5.8,oz,False,0.163793,National,Household,False,False
Gala Apples,"Walmart Fresh Gala Apple, Each",Each,$0.73,Walmart,2026-02-27,0.68,1.0,count,False,0.68,National,Produce,False,False
Ground Beef 80/20,"Walmart 80% Lean / 20% Fat Ground Beef Chuck, 1 lb Roll, Fresh, All Natural*",All Natural*,$7.23,Walmart,2026-02-27,7.21,16,oz,False,0.450625,National,Meat,False,False
Iceberg Lettuce,"Walmart Marketside Fresh Shredded Iceberg Lettuce, 8 oz, Bag",Bag,$1.97,Walmart,2026-02-27,1.99,1.0,count,False,1.99,National,Produce,False,False
Large Eggs (12 count),"Walmart Great Value Extra Large White Eggs, 12 Count",12 Count,$2.22,Walmart,2026-02-27,2.19,12.0,count,False,0.1825,National,Dairy,False,False
Salted Butter,"Walmart Land O Lakes Salted Butter in Half Sticks, 4 Half Sticks, 8 oz Pack",8 oz Pack,$2.86,Walmart,2026-02-27,2.82,8.0,count,False,0.3525,National,Dairy,False,False
Spaghetti Pasta,"Walmart Great Value Spaghetti, 16 oz",16 oz,$0.98,Walmart,2026-02-27,0.94,16.0,oz,False,0.05875,National,Pantry,False,False
Tomato Sauce,"Walmart Great Value Tomato Sauce, 8 oz Can",8 oz Can,$0.48,Walmart,2026-02-27,0.53,8.0,oz,False,0.06625,National,Pantry,False,False
White Bread,"Walmart Great Value White Sandwich Bread, 20 oz",20 oz,$1.54,Walmart,2026-02-27,1.49,20.0,oz,False,0.0745,National,Pantry,False,False
Whole Milk,"Walmart Great Value Whole Vitamin D Milk, Gallon, 128 fl oz",128 fl oz,$3.38,Walmart,2026-02-27,3.36,128.0,oz,False,0.02625,National,Dairy,False,False
Bananas,"Bananas, per lb",avg. 0.33 lb/piece  ($0.49/lb),$0.16,Aldi,2026-02-28,0.14,5.28,oz,False,0.026515,National,Produce,False,False
Chicken Breast,"Kirkwood Split Chicken Breasts, per lb",avg. 2.7 lb/package  ($1.99/lb),$5.37,Aldi,2026-02-28,5.36,43.2,oz,False,0.124074,National,Meat,False,False
Dish Soap,"Power Force Original Dishwashing Liquid Detergent, 24 fl oz",24 fl oz,$2.35,Aldi,2026-02-28,2.35,24.0,oz,False,0.097917,National,Household,False,False
Gala Apples,"Gala Apples, 3 lb",3 lb,$2.19,Aldi,2026-02-28,2.4,48.0,oz,False,0.05,National,Produce,False,False
Ground Beef 80/20,"Fresh  80% Lean 20% Fat Ground Beef Patties, 4 count",avg. 1.33 lb/package  ($5.59/lb),$7.43,Aldi,2026-02-28,7.48,21.28,oz,False,0.351504,National,Meat,False,False
Iceberg Lettuce,"Iceberg Lettuce, each",1 each,$2.55,Aldi,2026-02-28,2.43,1.0,count,False,2.43,National,Produce,False,False
Large Eggs (12 count),"Goldhen Free  Range Large Brown Grade A Eggs, 12 count",12 ct,$4.25,Aldi,2026-02-28,4.26,12.0,count,False,0.355,Private,Dairy,False,False
Salted Butter,"Countryside Creamery Salted Butter Sticks, 1 lb",16 oz,$3.65,Aldi,2026-02-28,3.55,16.0,oz,False,0.221875,National,Dairy,False,False
Spaghetti Pasta,"Bon Italia Spaghetti Rings with Meatballs, 15 oz Can",15 oz,$1.09,Aldi,2026-02-28,1.1,15.0,oz,False,0.073333,National,Pantry,False,False
Tomato Sauce,"Happy Harvest Tomato Sauce, 8 oz",8 oz,$0.55,Aldi,2026-02-28,0.55,8.0,oz,False,0.06875,National,Pantry,False,False
White Bread,"L'oven Fresh White Bread,  20 oz",20 oz,$1.55,Aldi,2026-02-28,1.6,20.0,oz,False,0.08,National,Pantry,False,False
Whole Milk,"Friendly Farms Whole Milk, 0.5 gal",0.5 gal,$2.25,Aldi,2026-02-28,2.22,64.0,oz,False,0.034688,Private,Dairy,False,False
Bananas,Publix Green Banana,About 0.4 lb each,Current price: $0.28 each (estimated),Publix,2026-02-28,0.24,6.4,oz,False,0.0375,Private,Produce,False,False
Chicken Breast,Publix Just Bare Brand Boneless Skinless Chicken Breast Fillets,1.13 lb,Current price: $9.43,Publix,2026-02-28,9.4,18.08,oz,False,0.519912,National,Meat,False,False
Dish Soap,"Publix Dawn Ultra Dishwashing Liquid Dish Soap, Original Scent",7.5 fl oz,Current price: $2.09,Publix,2026-02-28,2.13,7.5,oz,False,0.284,Private,Household,False,False
Gala Apples,Publix Gala Apple,About 0.54 lb each,Current price: $1.59 each (estimated),Publix,2026-02-28,1.6,8.64,oz,False,0.185185,Private,Produce,False,False
Ground Beef 80/20,Publix Publix Market Ground Beef,About 1.15 lb / package,Current price: $8.91 per package (estimated),Publix,2026-02-28,8.92,18.4,oz,False,0.484783,Private,Meat,False,False
Iceberg Lettuce,Publix Iceberg Lettuce,,Current price: $2.97,Publix,2026-02-28,2.92,16,oz,True,0.1825,Private,Produce,False,False
Large Eggs (12 count),"Publix Publix Eggs, Large",12 ct,Current price: $2.43,Publix,2026-02-28,2.46,12.0,count,False,0.205,Private,Dairy,False,False
Salted Butter,"Publix Publix Butter, Salted, Sweet Cream",8 oz,Current price: $2.43,Publix,2026-02-28,2.4,8.0,oz,False,0.3,Private,Dairy,False,False
Spaghetti Pasta,"Publix Publix Spaghetti, Thin",16 oz,Current price: $1.37,Publix,2026-02-28,1.39,16.0,oz,False,0.086875,Private,Pantry,False,False
Tomato Sauce,Publix Contadina Tomato Sauce,8 oz,Current price: $1.09,Publix,2026-02-28,1.65,8.0,oz,False,0.20625,National,Pantry,False,False
White Bread,"Publix Publix Bread, Enriched, Large White",20 oz,Current price: $2.65,Publix,2026-02-28,2.65,20.0,oz,False,0.1325,Private,Pantry,False,False
Whole Milk,"Publix Publix Milk, Whole",,Current price: $2.43,Publix,2026-02-28,2.44,64,oz,True,0.038125,Private,Dairy,False,False
Bananas,"Walmart Fresh Banana, Each",Each,$0.20,Walmart,2026-02-28,0.18,1.0,count,False,0.18,National,Produce,False,False
Chicken Breast,"Walmart Sanderson Farms Fresh Boneless Skinless Chicken Breast Fillets, 25g Protein, 4oz 112g, 1.6 - 3.05lb",1.6 - 3.05lb,$10.67,Walmart,2026-02-28,10.7,25.6,oz,False,0.417969,National,Meat,False,False
Dish Soap,"Walmart Dawn Ultra Liquid Dish Soap, Dishwashing Liquid, Grease Removal, Original, 5.8oz",5.8oz,$0.97,Walmart,2026-02-28,1.0,5.8,oz,False,0.172414,National,Household,False,False
Gala Apples,"Walmart Fresh Gala Apple, Each",Each,$0.73,Walmart,2026-02-28,0.74,1.0,count,False,0.74,National,Produce,False,False
Ground Beef 80/20,"Walmart 80% Lean / 20% Fat Ground Beef Chuck, 1 lb Roll, Fresh, All Natural*",All Natural*,$7.23,Walmart,2026-02-28,7.23,16,oz,False,0.451875,National,Meat,False,False
Iceberg Lettuce,"Walmart Marketside Fresh Shredded Iceberg Lettuce, 8 oz, Bag",Bag,$1.97,Walmart,2026-02-28,1.95,1.0,count,False,1.95,National,Produce,False,False
Large Eggs (12 count),"Walmart Great Value Extra Large White Eggs, 12 Count",12 Count,$2.22,Walmart,2026-02-28,2.22,12.0,count,False,0.185,National,Dairy,False,False
Salted Butter,"Walmart Land O Lakes Salted Butter in Half Sticks, 4 Half Sticks, 8 oz Pack",8 oz Pack,$2.86,Walmart,2026-02-28,2.9,8.0,count,False,0.3625,National,Dairy,False,False
Spaghetti Pasta,"Walmart Great Value Spaghetti, 16 oz",16 oz,$0.98,Walmart,2026-02-28,0.97,16.0,oz,False,0.060625,National,Pantry,False,False
Tomato Sauce,"Walmart Great Value Tomato Sauce, 8 oz Can",8 oz Can,$0.48,Walmart,2026-02-28,0.51,8.0,oz,False,0.06375,National,Pantry,False,False
White Bread,"Walmart Great Value White Sandwich Bread, 20 oz",20 oz,$1.54,Walmart,2026-02-28,1.57,20.0,oz,False,0.0785,National,Pantry,False,False
Whole Milk,"Walmart Great Value Whole Vitamin D Milk, Gallon, 128 fl oz",128 fl oz,$3.38,Walmart,2026-02-28,3.39,128.0,oz,False,0.026484,National,Dairy,False,False
Bananas,"Bananas, per lb",avg. 0.33 lb/piece  ($0.49/lb),$0.16,Aldi,2026-03-01,0.17,5.28,oz,False,0.032197,National,Produce,False,False
Chicken Breast,"Kirkwood Split Chicken Breasts, per lb",avg. 2.7 lb/package  ($1.99/lb),$5.37,Aldi,2026-03-01,5.38,43.2,oz,False,0.124537,National,Meat,False,False
Dish Soap,"Power Force Original Dishwashing Liquid Detergent, 24 fl oz",24 fl oz,$2.35,Aldi,2026-03-01,2.37,24.0,oz,False,0.09875,National,Household,False,False
Gala Apples,"Gala Apples, 3 lb",3 lb,$2.19,Aldi,2026-03-01,2.36,48.0,oz,False,0.049167,National,Produce,False,False
Ground Beef 80/20,"Fresh  80% Lean 20% Fat Ground Beef Patties, 4 count",avg. 1.33 lb/package  ($5.59/lb),$7.43,Aldi,2026-03-01,7.41,21.28,oz,False,0.348214,National,Meat,False,False
Iceberg Lettuce,"Iceberg Lettuce, each",1 each,$2.55,Aldi,2026-03-01,2.42,1.0,count,False,2.42,National,Produce,False,False
Large Eggs (12 count),"Goldhen Free  Range Large Brown Grade A Eggs, 12 count",12 ct,$4.25,Aldi,2026-03-01,4.26,12.0,count,False,0.355,Private,Dairy,False,False
Salted Butter,"Countryside Creamery Salted Butter Sticks, 1 lb",16 oz,$3.65,Aldi,2026-03-01,3.62,16.0,oz,False,0.22625,National,Dairy,False,False
Spaghetti Pasta,"Bon Italia Spaghetti Rings with Meatballs, 15 oz Can",15 oz,$1.09,Aldi,2026-03-01,1.05,15.0,oz,False,0.07,National,Pantry,False,False
Tomato Sauce,"Happy Harvest Tomato Sauce, 8 oz",8 oz,$0.55,Aldi,2026-03-01,0.53,8.0,oz,False,0.06625,National,Pantry,False,False
White Bread,"L'oven Fresh White Bread,  20 oz",20 oz,$1.55,Aldi,2026-03-01,1.64,20.0,oz,False,0.082,National,Pantry,False,False
Whole Milk,"Friendly Farms Whole Milk, 0.5 gal",0.5 gal,$2.25,Aldi,2026-03-01,2.3,64.0,oz,False,0.035937,Private,Dairy,False,False
Bananas,Publix Green Banana,About 0.4 lb each,Current price: $0.28 each (estimated),Publix,2026-03-01,0.33,6.4,oz,False,0.051562,Private,Produce,False,False
Chicken Breast,Publix Just Bare Brand Boneless Skinless Chicken Breast Fillets,1.13 lb,Current price: $9.43,Publix,2026-03-01,9.46,18.08,oz,False,0.52323,National,Meat,False,False
Dish Soap,"Publix Dawn Ultra Dishwashing Liquid Dish Soap, Original Scent",7.5 fl oz,Current price: $2.09,Publix,2026-03-01,2.12,7.5,oz,False,0.282667,Private,Household,False,False
Gala Apples,Publix Gala Apple,About 0.54 lb each,Current price: $1.59 each (estimated),Publix,2026-03-01,1.59,8.64,oz,False,0.184028,Private,Produce,False,False
Ground Beef 80/20,Publix Publix Market Ground Beef,About 1.15 lb / package,Current price: $8.91 per package (estimated),Publix,2026-03-01,8.92,18.4,oz,False,0.484783,Private,Meat,False,False
Iceberg Lettuce,Publix Iceberg Lettuce,,Current price: $2.97,Publix,2026-03-01,2.97,16,oz,True,0.185625,Private,Produce,False,False
Large Eggs (12 count),"Publix Publix Eggs, Large",12 ct,Current price: $2.43,Publix,2026-03-01,2.45,12.0,count,False,0.204167,Private,Dairy,False,False
Salted Butter,"Publix Publix Butter, Salted, Sweet Cream",8 oz,Current price: $2.43,Publix,2026-03-01,2.39,8.0,oz,False,0.29875,Private,Dairy,False,False
Spaghetti Pasta,"Publix Publix Spaghetti, Thin",16 oz,Current price: $1.37,Publix,2026-03-01,1.33,16.0,oz,False,0.083125,Private,Pantry,False,False
Tomato Sauce,Publix Contadina Tomato Sauce,8 oz,Current price: $1.09,Publix,2026-03-01,1.65,8.0,oz,False,0.20625,National,Pantry,False,False
White Bread,"Publix Publix Bread, Enriched, Large White",20 oz,Current price: $2.65,Publix,2026-03-01,2.64,20.0,oz,False,0.132,Private,Pantry,False,False
Whole Milk,"Publix Publix Milk, Whole",,Current price: $2.43,Publix,2026-03-01,2.45,64,oz,True,0.038281,Private,Dairy,False,False
Bananas,"Walmart Fresh Banana, Each",Each,$0.20,Walmart,2026-03-01,0.23,1.0,count,False,0.23,National,Produce,False,False
Chicken Breast,"Walmart Sanderson Farms Fresh Boneless Skinless Chicken Breast Fillets, 25g Protein, 4oz 112g, 1.6 - 3.05lb",1.6 - 3.05lb,$10.67,Walmart,2026-03-01,10.64,25.6,oz,False,0.415625,National,Meat,False,False
Dish Soap,"Walmart Dawn Ultra Liquid Dish Soap, Dishwashing Liquid, Grease Removal, Original, 5.8oz",5.8oz,$0.97,Walmart,2026-03-01,0.93,5.8,oz,False,0.160345,National,Household,False,False
Gala Apples,"Walmart Fresh Gala Apple, Each",Each,$0.73,Walmart,2026-03-01,0.73,1.0,count,False,0.73,National,Produce,False,False
Ground Beef 80/20,"Walmart 80% Lean / 20% Fat Ground Beef Chuck, 1 lb Roll, Fresh, All Natural*",All Natural*,$7.23,Walmart,2026-03-01,7.19,16,oz,False,0.449375,National,Meat,False,False
Iceberg Lettuce,"Walmart Marketside Fresh Shredded Iceberg Lettuce, 8 oz, Bag",Bag,$1.97,Walmart,2026-03-01,1.93,1.0,count,False,1.93,National,Produce,False,False
Large Eggs (12 count),"Walmart Great Value Extra Large White Eggs, 12 Count",12 Count,$2.22,Walmart,2026-03-01,2.27,12.0,count,False,0.189167,National,Dairy,False,False
Salted Butter,"Walmart Land O Lakes Salted Butter in Half Sticks, 4 Half Sticks, 8 oz Pack",8 oz Pack,$2.86,Walmart,2026-03-01,2.87,8.0,count,False,0.35875,National,Dairy,False,False
Spaghetti Pasta,"Walmart Great Value Spaghetti, 16 oz",16 oz,$0.98,Walmart,2026-03-01,1.0,16.0,oz,False,0.0625,National,Pantry,False,False
Tomato Sauce,"Walmart Great Value Tomato Sauce, 8 oz Can",8 oz Can,$0.48,Walmart,2026-03-01,0.49,8.0,oz,False,0.06125,National,Pantry,False,False
White Bread,"Walmart Great Value White Sandwich Bread, 20 oz",20 oz,$1.54,Walmart,2026-03-01,1.58,20.0,oz,False,0.079,National,Pantry,False,False
Whole Milk,"Walmart Great Value Whole Vitamin D Milk, Gallon, 128 fl oz",128 fl oz,$3.38,Walmart,2026-03-01,3.43,128.0,oz,False,0.026797,National,Dairy,False,False
Bananas,"Bananas, per lb",avg. 0.33 lb/piece  ($0.49/lb),$0.16,Aldi,2026-03-02,0.17,5.28,oz,False,0.032197,National,Produce,False,False
Chicken Breast,"Kirkwood Split Chicken Breasts, per lb",avg. 2.7 lb/package  ($1.99/lb),$5.37,Aldi,2026-03-02,5.37,43.2,oz,False,0.124306,National,Meat,False,False
Dish Soap,"Power Force Original Dishwashing Liquid Detergent, 24 fl oz",24 fl oz,$2.35,Aldi,2026-03-02,2.37,24.0,oz,False,0.09875,National,Household,False,False
Gala Apples,"Gala Apples, 3 lb",3 lb,$2.19,Aldi,2026-03-02,2.39,48.0,oz,False,0.049792,National,Produce,False,False
Ground Beef 80/20,"Fresh  80% Lean 20% Fat Ground Beef Patties, 4 count",avg. 1.33 lb/package  ($5.59/lb),$7.43,Aldi,2026-03-02,7.46,21.28,oz,False,0.350564,National,Meat,False,False
Iceberg Lettuce,"Iceberg Lettuce, each",1 each,$2.55,Aldi,2026-03-02,2.44,1.0,count,False,2.44,National,Produce,False,False
Large Eggs (12 count),"Goldhen Free  Range Large Brown Grade A Eggs, 12 count",12 ct,$4.25,Aldi,2026-03-02,4.22,12.0,count,False,0.351667,Private,Dairy,False,False
Salted Butter,"Countryside Creamery Salted Butter Sticks, 1 lb",16 oz,$3.65,Aldi,2026-03-02,3.57,16.0,oz,False,0.223125,National,Dairy,False,False
Spaghetti Pasta,"Bon Italia Spaghetti Rings with Meatballs, 15 oz Can",15 oz,$1.09,Aldi,2026-03-02,1.05,15.0,oz,False,0.07,National,Pantry,False,False
Tomato Sauce,"Happy Harvest Tomato Sauce, 8 oz",8 oz,$0.55,Aldi,2026-03-02,0.58,8.0,oz,False,0.0725,National,Pantry,False,False
White Bread,"L'oven Fresh White Bread,  20 oz",20 oz,$1.55,Aldi,2026-03-02,1.68,20.0,oz,False,0.084,National,Pantry,False,False
Whole Milk,"Friendly Farms Whole Milk, 0.5 gal",0.5 gal,$2.25,Aldi,2026-03-02,2.23,64.0,oz,False,0.034844,Private,Dairy,False,False
Bananas,Publix Green Banana,About 0.4 lb each,Current price: $0.28 each (estimated),Publix,2026-03-02,0.29,6.4,oz,False,0.045312,Private,Produce,False,False
Chicken Breast,Publix Just Bare Brand Boneless Skinless Chicken Breast Fillets,1.13 lb,Current price: $9.43,Publix,2026-03-02,9.43,18.08,oz,False,0.521571,National,Meat,False,False
Dish Soap,"Publix Dawn Ultra Dishwashing Liquid Dish Soap, Original Scent",7.5 fl oz,Current price: $2.09,Publix,2026-03-02,2.05,7.5,oz,False,0.273333,Private,Household,False,False
Gala Apples,Publix Gala Apple,About 0.54 lb each,Current price: $1.59 each (estimated),Publix,2026-03-02,1.62,8.64,oz,False,0.1875,Private,Produce,False,False
Ground Beef 80/20,Publix Publix Market Ground Beef,About 1.15 lb / package,Current price: $8.91 per package (estimated),Publix,2026-03-02,8.91,18.4,oz,False,0.484239,Private,Meat,False,False
Iceberg Lettuce,Publix Iceberg Lettuce,,Current price: $2.97,Publix,2026-03-02,2.95,16,oz,True,0.184375,Private,Produce,False,False
Large Eggs (12 count),"Publix Publix Eggs, Large",12 ct,Current price: $2.43,Publix,2026-03-02,2.42,12.0,count,False,0.201667,Private,Dairy,False,False
Salted Butter,"Publix Publix Butter, Salted, Sweet Cream",8 oz,Current price: $2.43,Publix,2026-03-02,2.43,8.0,oz,False,0.30375,Private,Dairy,False,False
Spaghetti Pasta,"Publix Publix Spaghetti, Thin",16 oz,Current price: $1.37,Publix,2026-03-02,1.36,16.0,oz,False,0.085,Private,Pantry,False,False
Tomato Sauce,Publix Contadina Tomato Sauce,8 oz,Current price: $1.09,Publix,2026-03-02,1.76,8.0,oz,False,0.22,National,Pantry,False,False
White Bread,"Publix Publix Bread, Enriched, Large White",20 oz,Current price: $2.65,Publix,2026-03-02,2.69,20.0,oz,False,0.1345,Private,Pantry,False,False
Whole Milk,"Publix Publix Milk, Whole",,Current price: $2.43,Publix,2026-03-02,2.39,64,oz,True,0.037344,Private,Dairy,False,False
Bananas,"Walmart Fresh Banana, Each",Each,$0.20,Walmart,2026-03-02,0.21,1.0,count,False,0.21,National,Produce,False,False
Chicken Breast,"Walmart Sanderson Farms Fresh Boneless Skinless Chicken Breast Fillets, 25g Protein, 4oz 112g, 1.6 - 3.05lb",1.6 - 3.05lb,$10.67,Walmart,2026-03-02,10.63,25.6,oz,False,0.415234,National,Meat,False,False
Dish Soap,"Walmart Dawn Ultra Liquid Dish Soap, Dishwashing Liquid, Grease Removal, Original, 5.8oz",5.8oz,$0.97,Walmart,2026-03-02,0.96,5.8,oz,False,0.165517,National,Household,False,False
Gala Apples,"Walmart Fresh Gala Apple, Each",Each,$0.73,Walmart,2026-03-02,0.77,1.0,count,False,0.77,National,Produce,False,False
Ground Beef 80/20,"Walmart 80% Lean / 20% Fat Ground Beef Chuck, 1 lb Roll, Fresh, All Natural*",All Natural*,$7.23,Walmart,2026-03-02,7.27,16,oz,False,0.454375,National,Meat,False,False
Iceberg Lettuce,"Walmart Marketside Fresh Shredded Iceberg Lettuce, 8 oz, Bag",Bag,$1.97,Walmart,2026-03-02,2.02,1.0,count,False,2.02,National,Produce,False,False
Large Eggs (12 count),"Walmart Great Value Extra Large White Eggs, 12 Count",12 Count,$2.22,Walmart,2026-03-02,2.2,12.0,count,False,0.183333,National,Dairy,False,False
Salted Butter,"Walmart Land O Lakes Salted Butter in Half Sticks, 4 Half Sticks, 8 oz Pack",8 oz Pack,$2.86,Walmart,2026-03-02,2.83,8.0,count,False,0.35375,National,Dairy,False,False
Spaghetti Pasta,"Walmart Great Value Spaghetti, 16 oz",16 oz,$0.98,Walmart,2026-03-02,0.97,16.0,oz,False,0.060625,National,Pantry,False,False
Tomato Sauce,"Walmart Great Value Tomato Sauce, 8 oz Can",8 oz Can,$0.48,Walmart,2026-03-02,0.49,8.0,oz,False,0.06125,National,Pantry,False,False
White Bread,"Walmart Great Value White Sandwich Bread, 20 oz",20 oz,$1.54,Walmart,2026-03-02,1.54,20.0,oz,False,0.077,National,Pantry,False,False
Whole Milk,"Walmart Great Value Whole Vitamin D Milk, Gallon, 128 fl oz",128 fl oz,$3.38,Walmart,2026-03-02,3.38,128.0,oz,False,0.026406,National,Dairy,False,False
Bananas,"Bananas, per lb",avg. 0.33 lb/piece  ($0.49/lb),$0.16,Aldi,2026-03-03,0.13,5.28,oz,False,0.024621,National,Produce,False,False
Chicken Breast,"Kirkwood Split Chicken Breasts, per lb",avg. 2.7 lb/package  ($1.99/lb),$5.37,Aldi,2026-03-03,5.41,43.2,oz,False,0.125231,National,Meat,False,False
Dish Soap,"Power Force Original Dishwashing Liquid Detergent, 24 fl oz",24 fl oz,$2.35,Aldi,2026-03-03,2.37,24.0,oz,False,0.09875,National,Household,False,False
Gala Apples,"Gala Apples, 3 lb",3 lb,$2.19,Aldi,2026-03-03,2.48,48.0,oz,False,0.051667,National,Produce,False,False
Ground Beef 80/20,"Fresh  80% Lean 20% Fat Ground Beef Patties, 4 count",avg. 1.33 lb/package  ($5.59/lb),$7.43,Aldi,2026-03-03,7.43,21.28,oz,False,0.349154,National,Meat,False,False
Iceberg Lettuce,"Iceberg Lettuce, each",1 each,$2.55,Aldi,2026-03-03,2.42,1.0,count,False,2.42,National,Produce,False,False
Large Eggs (12 count),"Goldhen Free  Range Large Brown Grade A Eggs, 12 count",12 ct,$4.25,Aldi,2026-03-03,4.27,12.0,count,False,0.355833,Private,Dairy,False,False
Salted Butter,"Countryside Creamery Salted Butter Sticks, 1 lb",16 oz,$3.65,Aldi,2026-03-03,3.52,16.0,oz,False,0.22,National,Dairy,False,False
Spaghetti Pasta,"Bon Italia Spaghetti Rings with Meatballs, 15 oz Can",15 oz,$1.09,Aldi,2026-03-03,1.07,15.0,oz,False,0.071333,National,Pantry,False,False
Tomato Sauce,"Happy Harvest Tomato Sauce, 8 oz",8 oz,$0.55,Aldi,2026-03-03,0.52,8.0,oz,False,0.065,National,Pantry,False,False
White Bread,"L'oven Fresh White Bread,  20 oz",20 oz,$1.55,Aldi,2026-03-03,1.61,20.0,oz,False,0.0805,National,Pantry,False,False
Whole Milk,"Friendly Farms Whole Milk, 0.5 gal",0.5 gal,$2.25,Aldi,2026-03-03,2.21,64.0,oz,False,0.034531,Private,Dairy,False,False
Bananas,Publix Green Banana,About 0.4 lb each,Current price: $0.28 each (estimated),Publix,2026-03-03,0.25,6.4,oz,False,0.039062,Private,Produce,False,False
Chicken Breast,Publix Just Bare Brand Boneless Skinless Chicken Breast Fillets,1.13 lb,Current price: $9.43,Publix,2026-03-03,9.46,18.08,oz,False,0.52323,National,Meat,False,False
Dish Soap,"Publix Dawn Ultra Dishwashing Liquid Dish Soap, Original Scent",7.5 fl oz,Current price: $2.09,Publix,2026-03-03,2.06,7.5,oz,False,0.274667,Private,Household,False,False
Gala Apples,Publix Gala Apple,About 0.54 lb each,Current price: $1.59 each (estimated),Publix,2026-03-03,1.55,8.64,oz,False,0.179398,Private,Produce,False,False
Ground Beef 80/20,Publix Publix Market Ground Beef,About 1.15 lb / package,Current price: $8.91 per package (estimated),Publix,2026-03-03,8.87,18.4,oz,False,0.482065,Private,Meat,False,False
Iceberg Lettuce,Publix Iceberg Lettuce,,Current price: $2.97,Publix,2026-03-03,3.02,16,oz,True,0.18875,Private,Produce,False,False
Large Eggs (12 count),"Publix Publix Eggs, Large",12 ct,Current price: $2.43,Publix,2026-03-03,2.45,12.0,count,False,0.204167,Private,Dairy,False,False
Salted Butter,"Publix Publix Butter, Salted, Sweet Cream",8 oz,Current price: $2.43,Publix,2026-03-03,2.44,8.0,oz,False,0.305,Private,Dairy,False,False
Spaghetti Pasta,"Publix Publix Spaghetti, Thin",16 oz,Current price: $1.37,Publix,2026-03-03,1.37,16.0,oz,False,0.085625,Private,Pantry,False,False
Tomato Sauce,Publix Contadina Tomato Sauce,8 oz,Current price: $1.09,Publix,2026-03-03,1.77,8.0,oz,False,0.22125,National,Pantry,False,False
White Bread,"Publix Publix Bread, Enriched, Large White",20 oz,Current price: $2.65,Publix,2026-03-03,2.7,20.0,oz,False,0.135,Private,Pantry,False,False
Whole Milk,"Publix Publix Milk, Whole",,Current price: $2.43,Publix,2026-03-03,2.46,64,oz,True,0.038437,Private,Dairy,False,False
Bananas,"Walmart Fresh Banana, Each",Each,$0.20,Walmart,2026-03-03,0.23,1.0,count,False,0.23,National,Produce,False,False
Chicken Breast,"Walmart Sanderson Farms Fresh Boneless Skinless Chicken Breast Fillets, 25g Protein, 4oz 112g, 1.6 - 3.05lb",1.6 - 3.05lb,$10.67,Walmart,2026-03-03,10.68,25.6,oz,False,0.417187,National,Meat,False,False
Dish Soap,"Walmart Dawn Ultra Liquid Dish Soap, Dishwashing Liquid, Grease Removal, Original, 5.8oz",5.8oz,$0.97,Walmart,2026-03-03,0.95,5.8,oz,False,0.163793,National,Household,False,False
Gala Apples,"Walmart Fresh Gala Apple, Each",Each,$0.73,Walmart,2026-03-03,0.71,1.0,count,False,0.71,National,Produce,False,False
Ground Beef 80/20,"Walmart 80% Lean / 20% Fat Ground Beef Chuck, 1 lb Roll, Fresh, All Natural*",All Natural*,$7.23,Walmart,2026-03-03,7.19,16,oz,False,0.449375,National,Meat,False,False
Iceberg Lettuce,"Walmart Marketside Fresh Shredded Iceberg Lettuce, 8 oz, Bag",Bag,$1.97,Walmart,2026-03-03,1.93,1.0,count,False,1.93,National,Produce,False,False
Large Eggs (12 count),"Walmart Great Value Extra Large White Eggs, 12 Count",12 Count,$2.22,Walmart,2026-03-03,2.24,12.0,count,False,0.186667,National,Dairy,False,False
Salted Butter,"Walmart Land O Lakes Salted Butter in Half Sticks, 4 Half Sticks, 8 oz Pack",8 oz Pack,$2.86,Walmart,2026-03-03,2.9,8.0,count,False,0.3625,National,Dairy,False,False
Spaghetti Pasta,"Walmart Great Value Spaghetti, 16 oz",16 oz,$0.98,Walmart,2026-03-03,0.95,16.0,oz,False,0.059375,National,Pantry,False,False
Tomato Sauce,"Walmart Great Value Tomato Sauce, 8 oz Can",8 oz Can,$0.48,Walmart,2026-03-03,0.43,8.0,oz,False,0.05375,National,Pantry,False,False
White Bread,"Walmart Great Value White Sandwich Bread, 20 oz",20 oz,$1.54,Walmart,2026-03-03,1.54,20.0,oz,False,0.077,National,Pantry,False,False
Whole Milk,"Walmart Great Value Whole Vitamin D Milk, Gallon, 128 fl oz",128 fl oz,$3.38,Walmart,2026-03-03,3.34,128.0,oz,False,0.026094,National,Dairy,False,False
Bananas,"Bananas, per lb",avg. 0.33 lb/piece  ($0.47/lb),$0.16,Aldi,2026-03-04,0.16,5.28,oz,False,0.030303,National,Produce,False,False
Chicken Breast,"Kirkwood Split Chicken Breasts, per lb",avg. 2.7 lb/package  ($1.99/lb),$5.37,Aldi,2026-03-04,5.37,43.2,oz,False,0.124306,National,Meat,False,False
Dish Soap,"Power Force Original Dishwashing Liquid Detergent, 24 fl oz",24 fl oz,$2.35,Aldi,2026-03-04,2.34,24.0,oz,False,0.0975,National,Household,False,False
Gala Apples,"Gala Apples, 3 lb",3 lb,$2.45,Aldi,2026-03-04,2.45,48.0,oz,False,0.051042,National,Produce,False,False
Ground Beef 80/20,"Fresh  80% Lean 20% Fat Ground Beef Patties, 4 count",avg. 1.33 lb/package  ($5.59/lb),$7.43,Aldi,2026-03-04,7.43,21.28,oz,False,0.349154,National,Meat,False,False
Iceberg Lettuce,"Iceberg Lettuce, each",1 each,$2.39,Aldi,2026-03-04,2.39,1.0,count,False,2.39,National,Produce,False,False
Large Eggs (12 count),"Goldhen Free  Range Large Brown Grade A Eggs, 12 count",12 ct,$4.25,Aldi,2026-03-04,4.25,12.0,count,False,0.354167,Private,Dairy,False,False
Salted Butter,"Countryside Creamery Salted Butter Sticks, 1 lb",16 oz,$3.55,Aldi,2026-03-04,3.55,16.0,oz,False,0.221875,National,Dairy,False,False
Spaghetti Pasta,"Bon Italia Spaghetti Rings with Meatballs, 15 oz Can",15 oz,$1.09,Aldi,2026-03-04,1.13,15.0,oz,False,0.075333,National,Pantry,False,False
Tomato Sauce,"Happy Harvest Tomato Sauce, 8 oz",8 oz,$0.55,Aldi,2026-03-04,0.55,8.0,oz,False,0.06875,National,Pantry,False,False
White Bread,"L'oven Fresh White Bread,  20 oz",20 oz,$1.65,Aldi,2026-03-04,1.65,20.0,oz,False,0.0825,National,Pantry,False,False
Whole Milk,"Friendly Farms Whole Milk, 0.5 gal",0.5 gal,$2.25,Aldi,2026-03-04,2.25,64.0,oz,False,0.035156,Private,Dairy,False,False
Bananas,Publix Green Banana,About 0.4 lb each,Current price: $0.28 each (estimated),Publix,2026-03-04,0.25,6.4,oz,False,0.039062,Private,Produce,False,False
Chicken Breast,Publix Just Bare Brand Boneless Skinless Chicken Breast Fillets,1.13 lb,Current price: $9.43,Publix,2026-03-04,9.43,18.08,oz,False,0.521571,National,Meat,False,False
Dish Soap,"Publix Dawn Ultra Dishwashing Liquid Dish Soap, Original Scent",7.5 fl oz,Current price: $2.09,Publix,2026-03-04,2.09,7.5,oz,False,0.278667,Private,Household,False,False
Gala Apples,Publix Gala Apple,About 0.54 lb each,Current price: $1.59 each (estimated),Publix,2026-03-04,1.59,8.64,oz,False,0.184028,Private,Produce,False,False
Ground Beef 80/20,Publix Publix Market Ground Beef,About 1.15 lb / package,Current price: $8.91 per package (estimated),Publix,2026-03-04,8.91,18.4,oz,False,0.484239,Private,Meat,False,False
Iceberg Lettuce,Publix Iceberg Lettuce,,Current price: $2.97,Publix,2026-03-04,2.97,16,oz,True,0.185625,Private,Produce,False,False
Large Eggs (12 count),"Publix Publix Eggs, Large",12 ct,Current price: $2.43,Publix,2026-03-04,2.48,12.0,count,False,0.206667,Private,Dairy,False,False
Salted Butter,"Publix Publix Butter, Salted, Sweet Cream",8 oz,Current price: $2.43,Publix,2026-03-04,2.43,8.0,oz,False,0.30375,Private,Dairy,False,False
Spaghetti Pasta,"Publix Publix Spaghetti, Thin",16 oz,Current price: $1.37,Publix,2026-03-04,1.36,16.0,oz,False,0.085,Private,Pantry,False,False
Tomato Sauce,Publix Contadina Tomato Sauce,8 oz,Current price: $1.09,Publix,2026-03-04,1.86,8.0,oz,False,0.2325,National,Pantry,False,False
White Bread,"Publix Publix Bread, Enriched, Large White",20 oz,Current price: $2.65,Publix,2026-03-04,2.65,20.0,oz,False,0.1325,Private,Pantry,False,False
Whole Milk,"Publix Publix Milk, Whole",,Current price: $2.43,Publix,2026-03-04,2.43,64,oz,True,0.037969,Private,Dairy,False,False
Bananas,"Walmart Fresh Banana, Each",Each,$0.20,Walmart,2026-03-04,0.24,1.0,count,False,0.24,National,Produce,False,False
Chicken Breast,"Walmart Sanderson Farms Fresh Boneless Skinless Chicken Breast Fillets, 25g Protein, 4oz 112g, 1.6 - 3.05lb",1.6 - 3.05lb,$10.67,Walmart,2026-03-04,10.63,25.6,oz,False,0.415234,National,Meat,False,False
Dish Soap,"Walmart Dawn Ultra Liquid Dish Soap, Dishwashing Liquid, Grease Removal, Original, 5.8oz",5.8oz,$0.97,Walmart,2026-03-04,0.99,5.8,oz,False,0.17069,National,Household,False,False
Gala Apples,"Walmart Fresh Gala Apple, Each",Each,$0.73,Walmart,2026-03-04,0.76,1.0,count,False,0.76,National,Produce,False,False
Ground Beef 80/20,"Walmart 80% Lean / 20% Fat Ground Beef Chuck, 1 lb Roll, Fresh, All Natural*",All Natural*,$7.23,Walmart,2026-03-04,7.23,16,oz,False,0.451875,National,Meat,False,False
Iceberg Lettuce,"Walmart Marketside Fresh Shredded Iceberg Lettuce, 8 oz, Bag",Bag,$1.97,Walmart,2026-03-04,2.02,1.0,count,False,2.02,National,Produce,False,False
Large Eggs (12 count),"Walmart Great Value Extra Large White Eggs, 12 Count",12 Count,$2.22,Walmart,2026-03-04,2.23,12.0,count,False,0.185833,National,Dairy,False,False
Salted Butter,"Walmart Land O Lakes Salted Butter in Half Sticks, 4 Half Sticks, 8 oz Pack",8 oz Pack,$2.86,Walmart,2026-03-04,2.82,8.0,count,False,0.3525,National,Dairy,False,False
Spaghetti Pasta,"Walmart Great Value Spaghetti, 16 oz",16 oz,$0.98,Walmart,2026-03-04,1.02,16.0,oz,False,0.06375,National,Pantry,False,False
Tomato Sauce,"Walmart Great Value Tomato Sauce, 8 oz Can",8 oz Can,$0.48,Walmart,2026-03-04,0.52,8.0,oz,False,0.065,National,Pantry,False,False
White Bread,"Walmart Great Value White Sandwich Bread, 20 oz",20 oz,$1.54,Walmart,2026-03-04,1.59,20.0,oz,False,0.0795,National,Pantry,False,False
Whole Milk,"Walmart Great Value Whole Vitamin D Milk, Gallon, 128 fl oz",128 fl oz,$3.38,Walmart,2026-03-04,3.38,128.0,oz,False,0.026406,National,Dairy,False,False
Bananas,"Bananas, per lb",avg. 0.33 lb/piece  ($0.47/lb),$0.16,Aldi,2026-03-05,0.19,5.28,oz,False,0.035985,National,Produce,False,False
Chicken Breast,"Kirkwood Split Chicken Breasts, per lb",avg. 2.7 lb/package  ($1.99/lb),$5.37,Aldi,2026-03-05,5.15,43.2,oz,False,0.119213,National,Meat,False,False
Dish Soap,"Power Force Original Dishwashing Liquid Detergent, 24 fl oz",24 fl oz,$2.35,Aldi,2026-03-05,2.31,24.0,oz,False,0.09625,National,Household,False,False
Gala Apples,"Gala Apples, 3 lb",3 lb,$2.45,Aldi,2026-03-05,2.46,48.0,oz,False,0.05125,National,Produce,False,False
Ground Beef 80/20,"Fresh  80% Lean 20% Fat Ground Beef Patties, 4 count",avg. 1.33 lb/package  ($5.59/lb),$7.43,Aldi,2026-03-05,7.42,21.28,oz,False,0.348684,National,Meat,False,False
Iceberg Lettuce,"Iceberg Lettuce, each",1 each,$2.39,Aldi,2026-03-05,2.44,1.0,count,False,2.44,National,Produce,False,False
Large Eggs (12 count),"Goldhen Free  Range Large Brown Grade A Eggs, 12 count",12 ct,$4.25,Aldi,2026-03-05,4.22,12.0,count,False,0.351667,Private,Dairy,False,False
Salted Butter,"Countryside Creamery Salted Butter Sticks, 1 lb",16 oz,$3.55,Aldi,2026-03-05,3.5,16.0,oz,False,0.21875,National,Dairy,False,False
Spaghetti Pasta,"Bon Italia Spaghetti Rings with Meatballs, 15 oz Can",15 oz,$1.09,Aldi,2026-03-05,1.12,15.0,oz,False,0.074667,National,Pantry,False,False
Tomato Sauce,"Happy Harvest Tomato Sauce, 8 oz",8 oz,$0.55,Aldi,2026-03-05,0.5,8.0,oz,False,0.0625,National,Pantry,False,False
White Bread,"L'oven Fresh White Bread,  20 oz",20 oz,$1.65,Aldi,2026-03-05,1.61,20.0,oz,False,0.0805,National,Pantry,False,False
Whole Milk,"Friendly Farms Whole Milk, 0.5 gal",0.5 gal,$2.25,Aldi,2026-03-05,2.21,64.0,oz,False,0.034531,Private,Dairy,False,False
Bananas,Publix Green Banana,About 0.4 lb each,Current price: $0.28 each (estimated),Publix,2026-03-05,0.29,6.4,oz,False,0.045312,Private,Produce,False,False
Chicken Breast,Publix Just Bare Brand Boneless Skinless Chicken Breast Fillets,1.13 lb,Current price: $9.43,Publix,2026-03-05,9.45,18.08,oz,False,0.522677,National,Meat,False,False
Dish Soap,"Publix Dawn Ultra Dishwashing Liquid Dish Soap, Original Scent",7.5 fl oz,Current price: $2.09,Publix,2026-03-05,2.07,7.5,oz,False,0.276,Private,Household,False,False
Gala Apples,Publix Gala Apple,About 0.54 lb each,Current price: $1.59 each (estimated),Publix,2026-03-05,1.56,8.64,oz,False,0.180556,Private,Produce,False,False
Ground Beef 80/20,Publix Publix Market Ground Beef,About 1.15 lb / package,Current price: $8.91 per package (estimated),Publix,2026-03-05,8.89,18.4,oz,False,0.483152,Private,Meat,False,False
Iceberg Lettuce,Publix Iceberg Lettuce,,Current price: $2.97,Publix,2026-03-05,2.98,16,oz,True,0.18625,Private,Produce,False,False
Large Eggs (12 count),"Publix Publix Eggs, Large",12 ct,Current price: $2.43,Publix,2026-03-05,2.41,12.0,count,False,0.200833,Private,Dairy,False,False
Salted Butter,"Publix Publix Butter, Salted, Sweet Cream",8 oz,Current price: $2.43,Publix,2026-03-05,2.41,8.0,oz,False,0.30125,Private,Dairy,False,False
Spaghetti Pasta,"Publix Publix Spaghetti, Thin",16 oz,Current price: $1.37,Publix,2026-03-05,1.34,16.0,oz,False,0.08375,Private,Pantry,False,False
Tomato Sauce,Publix Contadina Tomato Sauce,8 oz,Current price: $1.09,Publix,2026-03-05,1.87,8.0,oz,False,0.23375,National,Pantry,False,False
White Bread,"Publix Publix Bread, Enriched, Large White",20 oz,Current price: $2.65,Publix,2026-03-05,2.63,20.0,oz,False,0.1315,Private,Pantry,False,False
Whole Milk,"Publix Publix Milk, Whole",,Current price: $2.43,Publix,2026-03-05,2.48,64,oz,True,0.03875,Private,Dairy,False,False
Bananas,"Walmart Fresh Banana, Each",Each,$0.20,Walmart,2026-03-05,0.16,1.0,count,False,0.16,National,Produce,False,False
Chicken Breast,"Walmart Sanderson Farms Fresh Boneless Skinless Chicken Breast Fillets, 25g Protein, 4oz 112g, 1.6 - 3.05lb",1.6 - 3.05lb,$10.67,Walmart,2026-03-05,10.7,25.6,oz,False,0.417969,National,Meat,False,False
Dish Soap,"Walmart Dawn Ultra Liquid Dish Soap, Dishwashing Liquid, Grease Removal, Original, 5.8oz",5.8oz,$0.97,Walmart,2026-03-05,0.97,5.8,oz,False,0.167241,National,Household,False,False
Gala Apples,"Walmart Fresh Gala Apple, Each",Each,$0.73,Walmart,2026-03-05,0.74,1.0,count,False,0.74,National,Produce,False,False
Ground Beef 80/20,"Walmart 80% Lean / 20% Fat Ground Beef Chuck, 1 lb Roll, Fresh, All Natural*",All Natural*,$7.23,Walmart,2026-03-05,7.25,16,oz,False,0.453125,National,Meat,False,False
Iceberg Lettuce,"Walmart Marketside Fresh Shredded Iceberg Lettuce, 8 oz, Bag",Bag,$1.97,Walmart,2026-03-05,2.01,1.0,count,False,2.01,National,Produce,False,False
Large Eggs (12 count),"Walmart Great Value Extra Large White Eggs, 12 Count",12 Count,$2.22,Walmart,2026-03-05,2.26,12.0,count,False,0.188333,National,Dairy,False,False
Salted Butter,"Walmart Land O Lakes Salted Butter in Half Sticks, 4 Half Sticks, 8 oz Pack",8 oz Pack,$2.86,Walmart,2026-03-05,2.86,8.0,count,False,0.3575,National,Dairy,False,False
Spaghetti Pasta,"Walmart Great Value Spaghetti, 16 oz",16 oz,$0.98,Walmart,2026-03-05,0.94,16.0,oz,False,0.05875,National,Pantry,False,False
Tomato Sauce,"Walmart Great Value Tomato Sauce, 8 oz Can",8 oz Can,$0.48,Walmart,2026-03-05,0.51,8.0,oz,False,0.06375,National,Pantry,False,False
White Bread,"Walmart Great Value White Sandwich Bread, 20 oz",20 oz,$1.54,Walmart,2026-03-05,1.5,20.0,oz,False,0.075,National,Pantry,False,False
Whole Milk,"Walmart Great Value Whole Vitamin D Milk, Gallon, 128 fl oz",128 fl oz,$3.38,Walmart,2026-03-05,3.36,128.0,oz,False,0.02625,National,Dairy,False,False
Bananas,"Bananas, per lb",avg. 0.33 lb/piece  ($0.47/lb),$0.16,Aldi,2026-03-06,0.16,5.28,oz,False,0.030303,National,Produce,False,False
Chicken Breast,"Kirkwood Split Chicken Breasts, per lb",avg. 2.5 lb/package  ($1.99/lb),$4.98,Aldi,2026-03-06,4.98,40.0,oz,False,0.1245,National,Meat,False,False
Dish Soap,"Power Force Original Dishwashing Liquid Detergent, 24 fl oz",24 fl oz,$2.35,Aldi,2026-03-06,2.37,24.0,oz,False,0.09875,National,Household,False,False
Gala Apples,"Gala Apples, 3 lb",3 lb,$2.45,Aldi,2026-03-06,2.45,48.0,oz,False,0.051042,National,Produce,False,False
Ground Beef 80/20,"Fresh  80% Lean 20% Fat Ground Beef Patties, 4 count",avg. 1.33 lb/package  ($5.59/lb),$7.43,Aldi,2026-03-06,7.43,21.28,oz,False,0.349154,National,Meat,False,False
Iceberg Lettuce,"Iceberg Lettuce, each",1 each,$2.39,Aldi,2026-03-06,2.39,1.0,count,False,2.39,National,Produce,False,False
Large Eggs (12 count),"Goldhen Free  Range Large Brown Grade A Eggs, 12 count",12 ct,$4.25,Aldi,2026-03-06,4.25,12.0,count,False,0.354167,Private,Dairy,False,False
Salted Butter,"Countryside Creamery Salted Butter Sticks, 1 lb",16 oz,$3.55,Aldi,2026-03-06,3.55,16.0,oz,False,0.221875,National,Dairy,False,False
Spaghetti Pasta,"Bon Italia Spaghetti Rings with Meatballs, 15 oz Can",15 oz,$1.09,Aldi,2026-03-06,1.13,15.0,oz,False,0.075333,National,Pantry,False,False
Tomato Sauce,"Happy Harvest Tomato Sauce, 8 oz",8 oz,$0.55,Aldi,2026-03-06,0.55,8.0,oz,False,0.06875,National,Pantry,False,False
White Bread,"L'oven Fresh White Bread,  20 oz",20 oz,$1.65,Aldi,2026-03-06,1.65,20.0,oz,False,0.0825,National,Pantry,False,False
Whole Milk,"Friendly Farms Whole Milk, 0.5 gal",0.5 gal,$2.25,Aldi,2026-03-06,2.25,64.0,oz,False,0.035156,Private,Dairy,False,False
Bananas,Publix Green Banana,About 0.4 lb each,Current price: $0.28 each (estimated),Publix,2026-03-06,0.29,6.4,oz,False,0.045312,Private,Produce,False,False
Chicken Breast,Publix Just Bare Brand Boneless Skinless Chicken Breast Fillets,1.13 lb,Current price: $9.43,Publix,2026-03-06,9.43,18.08,oz,False,0.521571,National,Meat,False,False
Dish Soap,"Publix Dawn Ultra Dishwashing Liquid Dish Soap, Original Scent",7.5 fl oz,Current price: $2.09,Publix,2026-03-06,2.09,7.5,oz,False,0.278667,Private,Household,False,False
Gala Apples,Publix Gala Apple,About 0.54 lb each,Current price: $1.59 each (estimated),Publix,2026-03-06,1.59,8.64,oz,False,0.184028,Private,Produce,False,False
Ground Beef 80/20,Publix Publix Market Ground Beef,About 1.15 lb / package,Current price: $8.91 per package (estimated),Publix,2026-03-06,8.91,18.4,oz,False,0.484239,Private,Meat,False,False
Iceberg Lettuce,Publix Iceberg Lettuce,,Current price: $2.97,Publix,2026-03-06,2.97,16,oz,True,0.185625,Private,Produce,False,False
Large Eggs (12 count),"Publix Publix Eggs, Large",12 ct,Current price: $2.43,Publix,2026-03-06,2.46,12.0,count,False,0.205,Private,Dairy,False,False
Salted Butter,"Publix Publix Butter, Salted, Sweet Cream",8 oz,Current price: $2.43,Publix,2026-03-06,2.43,8.0,oz,False,0.30375,Private,Dairy,False,False
Spaghetti Pasta,"Publix Publix Spaghetti, Thin",16 oz,Current price: $1.37,Publix,2026-03-06,1.36,16.0,oz,False,0.085,Private,Pantry,False,False
Tomato Sauce,Publix Contadina Tomato Sauce,14.5 oz,Current price: $1.97,Publix,2026-03-06,1.97,14.5,oz,False,0.135862,National,Pantry,False,False
White Bread,"Publix Publix Bread, Enriched, Large White",20 oz,Current price: $2.65,Publix,2026-03-06,2.65,20.0,oz,False,0.1325,Private,Pantry,False,False
Whole Milk,"Publix Publix Milk, Whole",,Current price: $2.43,Publix,2026-03-06,2.43,64,oz,True,0.037969,Private,Dairy,False,False
Bananas,"Walmart Fresh Banana, Each",Each,$0.20,Walmart,2026-03-06,0.23,1.0,count,False,0.23,National,Produce,False,False
Chicken Breast,"Walmart Sanderson Farms Fresh Boneless Skinless Chicken Breast Fillets, 25g Protein, 4oz 112g, 1.6 - 3.05lb",1.6 - 3.05lb,$10.67,Walmart,2026-03-06,10.64,25.6,oz,False,0.415625,National,Meat,False,False
Dish Soap,"Walmart Dawn Ultra Liquid Dish Soap, Dishwashing Liquid, Grease Removal, Original, 5.8oz",5.8oz,$0.97,Walmart,2026-03-06,0.99,5.8,oz,False,0.17069,National,Household,False,False
Gala Apples,"Walmart Fresh Gala Apple, Each",Each,$0.73,Walmart,2026-03-06,0.72,1.0,count,False,0.72,National,Produce,False,False
Ground Beef 80/20,"Walmart 80% Lean / 20% Fat Ground Beef Chuck, 1 lb Roll, Fresh, All Natural*",All Natural*,$7.23,Walmart,2026-03-06,7.25,16,oz,False,0.453125,National,Meat,False,False
Iceberg Lettuce,"Walmart Marketside Fresh Shredded Iceberg Lettuce, 8 oz, Bag",Bag,$1.97,Walmart,2026-03-06,1.99,1.0,count,False,1.99,National,Produce,False,False
Large Eggs (12 count),"Walmart Great Value Extra Large White Eggs, 12 Count",12 Count,$2.22,Walmart,2026-03-06,2.26,12.0,count,False,0.188333,National,Dairy,False,False
Salted Butter,"Walmart Land O Lakes Salted Butter in Half Sticks, 4 Half Sticks, 8 oz Pack",8 oz Pack,$2.86,Walmart,2026-03-06,2.84,8.0,count,False,0.355,National,Dairy,False,False
Spaghetti Pasta,"Walmart Great Value Spaghetti, 16 oz",16 oz,$0.98,Walmart,2026-03-06,1.01,16.0,oz,False,0.063125,National,Pantry,False,False
Tomato Sauce,"Walmart Great Value Tomato Sauce, 8 oz Can",8 oz Can,$0.48,Walmart,2026-03-06,0.46,8.0,oz,False,0.0575,National,Pantry,False,False
White Bread,"Walmart Great Value White Sandwich Bread, 20 oz",20 oz,$1.54,Walmart,2026-03-06,1.54,20.0,oz,False,0.077,National,Pantry,False,False
Whole Milk,"Walmart Great Value Whole Vitamin D Milk, Gallon, 128 fl oz",128 fl oz,$3.38,Walmart,2026-03-06,3.39,128.0,oz,False,0.026484,National,Dairy,False,False
Bananas,"Bananas, per lb",avg. 0.33 lb/piece  ($0.47/lb),$0.16,Aldi,2026-03-07,0.16,5.28,oz,False,0.030303,National,Produce,False,False
Chicken Breast,"Kirkwood Split Chicken Breasts, per lb",avg. 2.5 lb/package  ($1.99/lb),$4.98,Aldi,2026-03-07,5.0,40.0,oz,False,0.125,National,Meat,False,False
Dish Soap,"Power Force Original Dishwashing Liquid Detergent, 24 fl oz",24 fl oz,$2.35,Aldi,2026-03-07,2.33,24.0,oz,False,0.097083,National,Household,False,False
Gala Apples,"Gala Apples, 3 lb",3 lb,$2.45,Aldi,2026-03-07,2.44,48.0,oz,False,0.050833,National,Produce,False,False
Ground Beef 80/20,"Fresh  80% Lean 20% Fat Ground Beef Patties, 4 count",avg. 1.33 lb/package  ($5.59/lb),$7.43,Aldi,2026-03-07,7.48,21.28,oz,False,0.351504,National,Meat,False,False
Iceberg Lettuce,"Iceberg Lettuce, each",1 each,$2.39,Aldi,2026-03-07,2.35,1.0,count,False,2.35,National,Produce,False,False
Large Eggs (12 count),"Goldhen Free  Range Large Brown Grade A Eggs, 12 count",12 ct,$4.25,Aldi,2026-03-07,4.24,12.0,count,False,0.353333,Private,Dairy,False,False
Salted Butter,"Countryside Creamery Salted Butter Sticks, 1 lb",16 oz,$3.55,Aldi,2026-03-07,3.51,16.0,oz,False,0.219375,National,Dairy,False,False
Spaghetti Pasta,"Bon Italia Spaghetti Rings with Meatballs, 15 oz Can",15 oz,$1.09,Aldi,2026-03-07,1.13,15.0,oz,False,0.075333,National,Pantry,False,False
Tomato Sauce,"Happy Harvest Tomato Sauce, 8 oz",8 oz,$0.55,Aldi,2026-03-07,0.52,8.0,oz,False,0.065,National,Pantry,False,False
White Bread,"L'oven Fresh White Bread,  20 oz",20 oz,$1.65,Aldi,2026-03-07,1.61,20.0,oz,False,0.0805,National,Pantry,False,False
Whole Milk,"Friendly Farms Whole Milk, 0.5 gal",0.5 gal,$2.25,Aldi,2026-03-07,2.28,64.0,oz,False,0.035625,Private,Dairy,False,False
Bananas,Publix Green Banana,About 0.4 lb each,Current price: $0.28 each (estimated),Publix,2026-03-07,0.24,6.4,oz,False,0.0375,Private,Produce,False,False
Chicken Breast,Publix Just Bare Brand Boneless Skinless Chicken Breast Fillets,1.13 lb,Current price: $9.43,Publix,2026-03-07,9.48,18.08,oz,False,0.524336,National,Meat,False,False
Dish Soap,"Publix Dawn Ultra Dishwashing Liquid Dish Soap, Original Scent",7.5 fl oz,Current price: $2.09,Publix,2026-03-07,2.11,7.5,oz,False,0.281333,Private,Household,False,False
Gala Apples,Publix Gala Apple,About 0.54 lb each,Current price: $1.59 each (estimated),Publix,2026-03-07,1.61,8.64,oz,False,0.186343,Private,Produce,False,False
Ground Beef 80/20,Publix Publix Market Ground Beef,About 1.15 lb / package,Current price: $8.91 per package (estimated),Publix,2026-03-07,8.89,18.4,oz,False,0.483152,Private,Meat,False,False
Iceberg Lettuce,Publix Iceberg Lettuce,,Current price: $2.97,Publix,2026-03-07,2.99,16,oz,True,0.186875,Private,Produce,False,False
Large Eggs (12 count),"Publix Publix Eggs, Large",12 ct,Current price: $2.43,Publix,2026-03-07,2.43,12.0,count,False,0.2025,Private,Dairy,False,False
Salted Butter,"Publix Publix Butter, Salted, Sweet Cream",8 oz,Current price: $2.43,Publix,2026-03-07,2.46,8.0,oz,False,0.3075,Private,Dairy,False,False
Spaghetti Pasta,"Publix Publix Spaghetti, Thin",16 oz,Current price: $1.37,Publix,2026-03-07,1.41,16.0,oz,False,0.088125,Private,Pantry,False,False
Tomato Sauce,Publix Contadina Tomato Sauce,14.5 oz,Current price: $1.97,Publix,2026-03-07,1.52,14.5,oz,False,0.104828,National,Pantry,False,False
White Bread,"Publix Publix Bread, Enriched, Large White",20 oz,Current price: $2.65,Publix,2026-03-07,2.66,20.0,oz,False,0.133,Private,Pantry,False,False
Whole Milk,"Publix Publix Milk, Whole",,Current price: $2.43,Publix,2026-03-07,2.39,64,oz,True,0.037344,Private,Dairy,False,False
Bananas,"Walmart Fresh Banana, Each",Each,$0.20,Walmart,2026-03-07,0.17,1.0,count,False,0.17,National,Produce,False,False
Chicken Breast,"Walmart Sanderson Farms Fresh Boneless Skinless Chicken Breast Fillets, 25g Protein, 4oz 112g, 1.6 - 3.05lb",1.6 - 3.05lb,$10.67,Walmart,2026-03-07,10.64,25.6,oz,False,0.415625,National,Meat,False,False
Dish Soap,"Walmart Dawn Ultra Liquid Dish Soap, Dishwashing Liquid, Grease Removal, Original, 5.8oz",5.8oz,$0.97,Walmart,2026-03-07,0.92,5.8,oz,False,0.158621,National,Household,False,False
Gala Apples,"Walmart Fresh Gala Apple, Each",Each,$0.73,Walmart,2026-03-07,0.74,1.0,count,False,0.74,National,Produce,False,False
Ground Beef 80/20,"Walmart 80% Lean / 20% Fat Ground Beef Chuck, 1 lb Roll, Fresh, All Natural*",All Natural*,$7.23,Walmart,2026-03-07,7.27,16,oz,False,0.454375,National,Meat,False,False
Iceberg Lettuce,"Walmart Marketside Fresh Shredded Iceberg Lettuce, 8 oz, Bag",Bag,$1.97,Walmart,2026-03-07,2.02,1.0,count,False,2.02,National,Produce,False,False
Large Eggs (12 count),"Walmart Great Value Extra Large White Eggs, 12 Count",12 Count,$2.22,Walmart,2026-03-07,2.26,12.0,count,False,0.188333,National,Dairy,False,False
Salted Butter,"Walmart Land O Lakes Salted Butter in Half Sticks, 4 Half Sticks, 8 oz Pack",8 oz Pack,$2.86,Walmart,2026-03-07,2.84,8.0,count,False,0.355,National,Dairy,False,False
Spaghetti Pasta,"Walmart Great Value Spaghetti, 16 oz",16 oz,$0.98,Walmart,2026-03-07,0.94,16.0,oz,False,0.05875,National,Pantry,False,False
Tomato Sauce,"Walmart Great Value Tomato Sauce, 8 oz Can",8 oz Can,$0.48,Walmart,2026-03-07,0.45,8.0,oz,False,0.05625,National,Pantry,False,False
White Bread,"Walmart Great Value White Sandwich Bread, 20 oz",20 oz,$1.54,Walmart,2026-03-07,1.53,20.0,oz,False,0.0765,National,Pantry,False,False
Whole Milk,"Walmart Great Value Whole Vitamin D Milk, Gallon, 128 fl oz",128 fl oz,$3.38,Walmart,2026-03-07,3.38,128.0,oz,False,0.026406,National,Dairy,False,False
Bananas,"Bananas, per lb",avg. 0.33 lb/piece  ($0.47/lb),$0.16,Aldi,2026-03-08,0.16,5.28,oz,False,0.030303,National,Produce,False,False
Chicken Breast,"Kirkwood Split Chicken Breasts, per lb",avg. 2.5 lb/package  ($1.99/lb),$4.98,Aldi,2026-03-08,4.98,40.0,oz,False,0.1245,National,Meat,False,False
Dish Soap,"Power Force Original Dishwashing Liquid Detergent, 24 fl oz",24 fl oz,$2.35,Aldi,2026-03-08,2.33,24.0,oz,False,0.097083,National,Household,False,False
Gala Apples,"Gala Apples, 3 lb",3 lb,$2.45,Aldi,2026-03-08,2.45,48.0,oz,False,0.051042,National,Produce,False,False
Ground Beef 80/20,"Fresh  80% Lean 20% Fat Ground Beef Patties, 4 count",avg. 1.33 lb/package  ($5.59/lb),$7.43,Aldi,2026-03-08,7.43,21.28,oz,False,0.349154,National,Meat,False,False
Iceberg Lettuce,"Iceberg Lettuce, each",1 each,$2.39,Aldi,2026-03-08,2.39,1.0,count,False,2.39,National,Produce,False,False
Large Eggs (12 count),"Goldhen Free  Range Large Brown Grade A Eggs, 12 count",12 ct,$4.25,Aldi,2026-03-08,4.25,12.0,count,False,0.354167,Private,Dairy,False,False
Salted Butter,"Countryside Creamery Salted Butter Sticks, 1 lb",16 oz,$3.55,Aldi,2026-03-08,3.55,16.0,oz,False,0.221875,National,Dairy,False,False
Spaghetti Pasta,"Bon Italia Spaghetti Rings with Meatballs, 15 oz Can",15 oz,$1.09,Aldi,2026-03-08,1.06,15.0,oz,False,0.070667,National,Pantry,False,False
Tomato Sauce,"Happy Harvest Tomato Sauce, 8 oz",8 oz,$0.55,Aldi,2026-03-08,0.55,8.0,oz,False,0.06875,National,Pantry,False,False
White Bread,"L'oven Fresh White Bread,  20 oz",20 oz,$1.65,Aldi,2026-03-08,1.65,20.0,oz,False,0.0825,National,Pantry,False,False
Whole Milk,"Friendly Farms Whole Milk, 0.5 gal",0.5 gal,$2.25,Aldi,2026-03-08,2.25,64.0,oz,False,0.035156,Private,Dairy,False,False
Bananas,Publix Green Banana,About 0.4 lb each,Current price: $0.28 each (estimated),Publix,2026-03-08,0.33,6.4,oz,False,0.051562,Private,Produce,False,False
Chicken Breast,Publix Just Bare Brand Boneless Skinless Chicken Breast Fillets,1.13 lb,Current price: $9.43,Publix,2026-03-08,9.43,18.08,oz,False,0.521571,National,Meat,False,False
Dish Soap,"Publix Dawn Ultra Dishwashing Liquid Dish Soap, Original Scent",7.5 fl oz,Current price: $2.09,Publix,2026-03-08,2.09,7.5,oz,False,0.278667,Private,Household,False,False
Gala Apples,Publix Gala Apple,About 0.54 lb each,Current price: $1.59 each (estimated),Publix,2026-03-08,1.59,8.64,oz,False,0.184028,Private,Produce,False,False
Ground Beef 80/20,Publix Publix Market Ground Beef,About 1.15 lb / package,Current price: $8.91 per package (estimated),Publix,2026-03-08,8.93,18.4,oz,False,0.485326,Private,Meat,False,False
Iceberg Lettuce,Publix Iceberg Lettuce,,Current price: $2.97,Publix,2026-03-08,2.97,16,oz,True,0.185625,Private,Produce,False,False
Large Eggs (12 count),"Publix Publix Eggs, Large",12 ct,Current price: $2.43,Publix,2026-03-08,2.43,12.0,count,False,0.2025,Private,Dairy,False,False
Salted Butter,"Publix Publix Butter, Salted, Sweet Cream",8 oz,Current price: $2.43,Publix,2026-03-08,2.43,8.0,oz,False,0.30375,Private,Dairy,False,False
Spaghetti Pasta,"Publix Publix Spaghetti, Thin",16 oz,Current price: $1.37,Publix,2026-03-08,1.38,16.0,oz,False,0.08625,Private,Pantry,False,False
Tomato Sauce,Publix Contadina Tomato Sauce,8 oz,Current price: $1.09,Publix,2026-03-08,1.09,8.0,oz,False,0.13625,National,Pantry,False,False
White Bread,"Publix Publix Bread, Enriched, Large White",20 oz,Current price: $2.65,Publix,2026-03-08,2.65,20.0,oz,False,0.1325,Private,Pantry,False,False
Whole Milk,"Publix Publix Milk, Whole",,Current price: $2.43,Publix,2026-03-08,2.43,64,oz,True,0.037969,Private,Dairy,False,False
Bananas,"Walmart Fresh Banana, Each",Each,$0.20,Walmart,2026-03-08,0.21,1.0,count,False,0.21,National,Produce,False,False
Chicken Breast,"Walmart Sanderson Farms Fresh Boneless Skinless Chicken Breast Fillets, 25g Protein, 4oz 112g, 1.6 - 3.05lb",1.6 - 3.05lb,$10.67,Walmart,2026-03-08,10.71,25.6,oz,False,0.418359,National,Meat,False,False
Dish Soap,"Walmart Dawn Ultra Liquid Dish Soap, Dishwashing Liquid, Grease Removal, Original, 5.8oz",5.8oz,$0.97,Walmart,2026-03-08,0.96,5.8,oz,False,0.165517,National,Household,False,False
Gala Apples,"Walmart Fresh Gala Apple, Each",Each,$0.73,Walmart,2026-03-08,0.74,1.0,count,False,0.74,National,Produce,False,False
Ground Beef 80/20,"Walmart 80% Lean / 20% Fat Ground Beef Chuck, 1 lb Roll, Fresh, All Natural*",All Natural*,$7.23,Walmart,2026-03-08,7.22,16,oz,False,0.45125,National,Meat,False,False
Iceberg Lettuce,"Walmart Marketside Fresh Shredded Iceberg Lettuce, 8 oz, Bag",Bag,$1.97,Walmart,2026-03-08,2.02,1.0,count,False,2.02,National,Produce,False,False
Large Eggs (12 count),"Walmart Great Value Extra Large White Eggs, 12 Count",12 Count,$2.22,Walmart,2026-03-08,2.21,12.0,count,False,0.184167,National,Dairy,False,False
Salted Butter,"Walmart Land O Lakes Salted Butter in Half Sticks, 4 Half Sticks, 8 oz Pack",8 oz Pack,$2.86,Walmart,2026-03-08,2.81,8.0,count,False,0.35125,National,Dairy,False,False
Spaghetti Pasta,"Walmart Great Value Spaghetti, 16 oz",16 oz,$0.98,Walmart,2026-03-08,0.94,16.0,oz,False,0.05875,National,Pantry,False,False
Tomato Sauce,"Walmart Great Value Tomato Sauce, 8 oz Can",8 oz Can,$0.48,Walmart,2026-03-08,0.5,8.0,oz,False,0.0625,National,Pantry,False,False
White Bread,"Walmart Great Value White Sandwich Bread, 20 oz",20 oz,$1.54,Walmart,2026-03-08,1.56,20.0,oz,False,0.078,National,Pantry,False,False
Whole Milk,"Walmart Great Value Whole Vitamin D Milk, Gallon, 128 fl oz",128 fl oz,$3.38,Walmart,2026-03-08,3.38,128.0,oz,False,0.026406,National,Dairy,False,False
Bananas,"Bananas, per lb",avg. 0.33 lb/piece  ($0.47/lb),$0.16,Aldi,2026-03-09,0.19,5.28,oz,False,0.035985,National,Produce,False,False
Chicken Breast,"Kirkwood Split Chicken Breasts, per lb",avg. 2.5 lb/package  ($1.99/lb),$4.98,Aldi,2026-03-09,5.08,40.0,oz,False,0.127,National,Meat,False,False
Dish Soap,"Power Force Original Dishwashing Liquid Detergent, 24 fl oz",24 fl oz,$2.35,Aldi,2026-03-09,2.38,24.0,oz,False,0.099167,National,Household,False,False
Gala Apples,"Gala Apples, 3 lb",3 lb,$2.45,Aldi,2026-03-09,2.45,48.0,oz,False,0.051042,National,Produce,False,False
Ground Beef 80/20,"Fresh  80% Lean 20% Fat Ground Beef Patties, 4 count",avg. 1.33 lb/package  ($5.59/lb),$7.43,Aldi,2026-03-09,7.48,21.28,oz,False,0.351504,National,Meat,False,False
Iceberg Lettuce,"Iceberg Lettuce, each",1 each,$2.39,Aldi,2026-03-09,2.31,1.0,count,False,2.31,National,Produce,False,False
Large Eggs (12 count),"Goldhen Free  Range Large Brown Grade A Eggs, 12 count",12 ct,$4.25,Aldi,2026-03-09,4.3,12.0,count,False,0.358333,Private,Dairy,False,False
Salted Butter,"Countryside Creamery Salted Butter Sticks, 1 lb",16 oz,$3.55,Aldi,2026-03-09,3.56,16.0,oz,False,0.2225,National,Dairy,False,False
Spaghetti Pasta,"Bon Italia Spaghetti Rings with Meatballs, 15 oz Can",15 oz,$1.09,Aldi,2026-03-09,1.06,15.0,oz,False,0.070667,National,Pantry,False,False
Tomato Sauce,"Happy Harvest Tomato Sauce, 8 oz",8 oz,$0.55,Aldi,2026-03-09,0.53,8.0,oz,False,0.06625,National,Pantry,False,False
White Bread,"L'oven Fresh White Bread,  20 oz",20 oz,$1.65,Aldi,2026-03-09,1.66,20.0,oz,False,0.083,National,Pantry,False,False
Whole Milk,"Friendly Farms Whole Milk, 0.5 gal",0.5 gal,$2.25,Aldi,2026-03-09,2.26,64.0,oz,False,0.035312,Private,Dairy,False,False
Bananas,Publix Green Banana,About 0.4 lb each,Current price: $0.28 each (estimated),Publix,2026-03-09,0.32,6.4,oz,False,0.05,Private,Produce,False,False
Chicken Breast,Publix Just Bare Brand Boneless Skinless Chicken Breast Fillets,1.13 lb,Current price: $9.43,Publix,2026-03-09,9.44,18.08,oz,False,0.522124,National,Meat,False,False
Dish Soap,"Publix Dawn Ultra Dishwashing Liquid Dish Soap, Original Scent",7.5 fl oz,Current price: $2.09,Publix,2026-03-09,2.1,7.5,oz,False,0.28,Private,Household,False,False
Gala Apples,Publix Gala Apple,About 0.54 lb each,Current price: $1.59 each (estimated),Publix,2026-03-09,1.57,8.64,oz,False,0.181713,Private,Produce,False,False
Ground Beef 80/20,Publix Publix Market Ground Beef,About 1.15 lb / package,Current price: $8.91 per package (estimated),Publix,2026-03-09,8.95,18.4,oz,False,0.486413,Private,Meat,False,False
Iceberg Lettuce,Publix Iceberg Lettuce,,Current price: $2.97,Publix,2026-03-09,2.93,16,oz,True,0.183125,Private,Produce,False,False
Large Eggs (12 count),"Publix Publix Eggs, Large",12 ct,Current price: $2.43,Publix,2026-03-09,2.42,12.0,count,False,0.201667,Private,Dairy,False,False
Salted Butter,"Publix Publix Butter, Salted, Sweet Cream",8 oz,Current price: $2.43,Publix,2026-03-09,2.46,8.0,oz,False,0.3075,Private,Dairy,False,False
Spaghetti Pasta,"Publix Publix Spaghetti, Thin",16 oz,Current price: $1.37,Publix,2026-03-09,1.39,16.0,oz,False,0.086875,Private,Pantry,False,False
Tomato Sauce,Publix Contadina Tomato Sauce,8 oz,Current price: $1.09,Publix,2026-03-09,1.06,8.0,oz,False,0.1325,National,Pantry,False,False
White Bread,"Publix Publix Bread, Enriched, Large White",20 oz,Current price: $2.65,Publix,2026-03-09,2.66,20.0,oz,False,0.133,Private,Pantry,False,False
Whole Milk,"Publix Publix Milk, Whole",,Current price: $2.43,Publix,2026-03-09,2.38,64,oz,True,0.037187,Private,Dairy,False,False
Bananas,"Walmart Fresh Banana, Each",Each,$0.20,Walmart,2026-03-09,0.2,1.0,count,False,0.2,National,Produce,False,False
Chicken Breast,"Walmart Sanderson Farms Fresh Boneless Skinless Chicken Breast Fillets, 25g Protein, 4oz 112g, 1.6 - 3.05lb",1.6 - 3.05lb,$10.67,Walmart,2026-03-09,10.65,25.6,oz,False,0.416016,National,Meat,False,False
Dish Soap,"Walmart Dawn Ultra Liquid Dish Soap, Dishwashing Liquid, Grease Removal, Original, 5.8oz",5.8oz,$0.97,Walmart,2026-03-09,0.98,5.8,oz,False,0.168966,National,Household,False,False
Gala Apples,"Walmart Fresh Gala Apple, Each",Each,$0.73,Walmart,2026-03-09,0.75,1.0,count,False,0.75,National,Produce,False,False
Ground Beef 80/20,"Walmart 80% Lean / 20% Fat Ground Beef Chuck, 1 lb Roll, Fresh, All Natural*",All Natural*,$7.23,Walmart,2026-03-09,7.25,16,oz,False,0.453125,National,Meat,False,False
Iceberg Lettuce,"Walmart Marketside Fresh Shredded Iceberg Lettuce, 8 oz, Bag",Bag,$1.97,Walmart,2026-03-09,2.0,1.0,count,False,2.0,National,Produce,False,False
Large Eggs (12 count),"Walmart Great Value Extra Large White Eggs, 12 Count",12 Count,$2.22,Walmart,2026-03-09,2.2,12.0,count,False,0.183333,National,Dairy,False,False
Salted Butter,"Walmart Land O Lakes Salted Butter in Half Sticks, 4 Half Sticks, 8 oz Pack",8 oz Pack,$2.86,Walmart,2026-03-09,2.89,8.0,count,False,0.36125,National,Dairy,False,False
Spaghetti Pasta,"Walmart Great Value Spaghetti, 16 oz",16 oz,$0.98,Walmart,2026-03-09,1.0,16.0,oz,False,0.0625,National,Pantry,False,False
Tomato Sauce,"Walmart Great Value Tomato Sauce, 8 oz Can",8 oz Can,$0.48,Walmart,2026-03-09,0.46,8.0,oz,False,0.0575,National,Pantry,False,False
White Bread,"Walmart Great Value White Sandwich Bread, 20 oz",20 oz,$1.54,Walmart,2026-03-09,1.54,20.0,oz,False,0.077,National,Pantry,False,False
Whole Milk,"Walmart Great Value Whole Vitamin D Milk, Gallon, 128 fl oz",128 fl oz,$3.38,Walmart,2026-03-09,3.36,128.0,oz,False,0.02625,National,Dairy,False,False
Bananas,"Bananas, per lb",avg. 0.33 lb/piece  ($0.47/lb),$0.16,Aldi,2026-03-10,0.16,5.28,oz,False,0.030303,National,Produce,False,False
Chicken Breast,"Kirkwood Split Chicken Breasts, per lb",avg. 2.5 lb/package  ($1.99/lb),$4.98,Aldi,2026-03-10,5.23,40.0,oz,False,0.13075,National,Meat,False,False
Dish Soap,"Power Force Original Dishwashing Liquid Detergent, 24 fl oz",24 fl oz,$2.35,Aldi,2026-03-10,2.37,24.0,oz,False,0.09875,National,Household,False,False
Gala Apples,"Gala Apples, 3 lb",3 lb,$2.45,Aldi,2026-03-10,2.41,48.0,oz,False,0.050208,National,Produce,False,False
Ground Beef 80/20,"Fresh  80% Lean 20% Fat Ground Beef Patties, 4 count",avg. 1.33 lb/package  ($5.59/lb),$7.43,Aldi,2026-03-10,7.44,21.28,oz,False,0.349624,National,Meat,False,False
Iceberg Lettuce,"Iceberg Lettuce, each",1 each,$2.39,Aldi,2026-03-10,2.24,1.0,count,False,2.24,National,Produce,False,False
Large Eggs (12 count),"Goldhen Free  Range Large Brown Grade A Eggs, 12 count",12 ct,$4.25,Aldi,2026-03-10,4.26,12.0,count,False,0.355,Private,Dairy,False,False
Salted Butter,"Countryside Creamery Salted Butter Sticks, 1 lb",16 oz,$3.55,Aldi,2026-03-10,3.58,16.0,oz,False,0.22375,National,Dairy,False,False
Spaghetti Pasta,"Bon Italia Spaghetti Rings with Meatballs, 15 oz Can",15 oz,$1.09,Aldi,2026-03-10,1.05,15.0,oz,False,0.07,National,Pantry,False,False
Tomato Sauce,"Happy Harvest Tomato Sauce, 8 oz",8 oz,$0.55,Aldi,2026-03-10,0.59,8.0,oz,False,0.07375,National,Pantry,False,False
White Bread,"L'oven Fresh White Bread,  20 oz",20 oz,$1.65,Aldi,2026-03-10,1.63,20.0,oz,False,0.0815,National,Pantry,False,False
Whole Milk,"Friendly Farms Whole Milk, 0.5 gal",0.5 gal,$2.25,Aldi,2026-03-10,2.28,64.0,oz,False,0.035625,Private,Dairy,False,False
Bananas,Publix Green Banana,About 0.4 lb each,Current price: $0.28 each (estimated),Publix,2026-03-10,0.28,6.4,oz,False,0.04375,Private,Produce,False,False
Chicken Breast,Publix Just Bare Brand Boneless Skinless Chicken Breast Fillets,1.13 lb,Current price: $9.43,Publix,2026-03-10,9.48,18.08,oz,False,0.524336,National,Meat,False,False
Dish Soap,"Publix Dawn Ultra Dishwashing Liquid Dish Soap, Original Scent",7.5 fl oz,Current price: $2.09,Publix,2026-03-10,2.07,7.5,oz,False,0.276,Private,Household,False,False
Gala Apples,Publix Gala Apple,About 0.54 lb each,Current price: $1.59 each (estimated),Publix,2026-03-10,1.6,8.64,oz,False,0.185185,Private,Produce,False,False
Ground Beef 80/20,Publix Publix Market Ground Beef,About 1.15 lb / package,Current price: $8.91 per package (estimated),Publix,2026-03-10,8.89,18.4,oz,False,0.483152,Private,Meat,False,False
Iceberg Lettuce,Publix Iceberg Lettuce,,Current price: $2.97,Publix,2026-03-10,3.01,16,oz,True,0.188125,Private,Produce,False,False
Large Eggs (12 count),"Publix Publix Eggs, Large",12 ct,Current price: $2.43,Publix,2026-03-10,2.45,12.0,count,False,0.204167,Private,Dairy,False,False
Salted Butter,"Publix Publix Butter, Salted, Sweet Cream",8 oz,Current price: $2.43,Publix,2026-03-10,2.45,8.0,oz,False,0.30625,Private,Dairy,False,False
Spaghetti Pasta,"Publix Publix Spaghetti, Thin",16 oz,Current price: $1.37,Publix,2026-03-10,1.41,16.0,oz,False,0.088125,Private,Pantry,False,False
Tomato Sauce,Publix Contadina Tomato Sauce,8 oz,Current price: $1.09,Publix,2026-03-10,1.07,8.0,oz,False,0.13375,National,Pantry,False,False
White Bread,"Publix Publix Bread, Enriched, Large White",20 oz,Current price: $2.65,Publix,2026-03-10,2.67,20.0,oz,False,0.1335,Private,Pantry,False,False
Whole Milk,"Publix Publix Milk, Whole",,Current price: $2.43,Publix,2026-03-10,2.41,64,oz,True,0.037656,Private,Dairy,False,False
Bananas,"Walmart Fresh Banana, Each",Each,$0.20,Walmart,2026-03-10,0.19,1.0,count,False,0.19,National,Produce,False,False
Chicken Breast,"Walmart Sanderson Farms Fresh Boneless Skinless Chicken Breast Fillets, 25g Protein, 4oz 112g, 1.6 - 3.05lb",1.6 - 3.05lb,$10.67,Walmart,2026-03-10,10.63,25.6,oz,False,0.415234,National,Meat,False,False
Dish Soap,"Walmart Dawn Ultra Liquid Dish Soap, Dishwashing Liquid, Grease Removal, Original, 5.8oz",5.8oz,$0.97,Walmart,2026-03-10,0.92,5.8,oz,False,0.158621,National,Household,False,False
Gala Apples,"Walmart Fresh Gala Apple, Each",Each,$0.73,Walmart,2026-03-10,0.75,1.0,count,False,0.75,National,Produce,False,False
Ground Beef 80/20,"Walmart 80% Lean / 20% Fat Ground Beef Chuck, 1 lb Roll, Fresh, All Natural*",All Natural*,$7.23,Walmart,2026-03-10,7.2,16,oz,False,0.45,National,Meat,False,False
Iceberg Lettuce,"Walmart Marketside Fresh Shredded Iceberg Lettuce, 8 oz, Bag",Bag,$1.97,Walmart,2026-03-10,1.96,1.0,count,False,1.96,National,Produce,False,False
Large Eggs (12 count),"Walmart Great Value Extra Large White Eggs, 12 Count",12 Count,$2.22,Walmart,2026-03-10,2.24,12.0,count,False,0.186667,National,Dairy,False,False
Salted Butter,"Walmart Land O Lakes Salted Butter in Half Sticks, 4 Half Sticks, 8 oz Pack",8 oz Pack,$2.86,Walmart,2026-03-10,2.9,8.0,count,False,0.3625,National,Dairy,False,False
Spaghetti Pasta,"Walmart Great Value Spaghetti, 16 oz",16 oz,$0.98,Walmart,2026-03-10,1.01,16.0,oz,False,0.063125,National,Pantry,False,False
Tomato Sauce,"Walmart Great Value Tomato Sauce, 8 oz Can",8 oz Can,$0.48,Walmart,2026-03-10,0.46,8.0,oz,False,0.0575,National,Pantry,False,False
White Bread,"Walmart Great Value White Sandwich Bread, 20 oz",20 oz,$1.54,Walmart,2026-03-10,1.58,20.0,oz,False,0.079,National,Pantry,False,False
Whole Milk,"Walmart Great Value Whole Vitamin D Milk, Gallon, 128 fl oz",128 fl oz,$3.38,Walmart,2026-03-10,3.35,128.0,oz,False,0.026172,National,Dairy,False,False
Bananas,"Bananas, per lb",avg. 0.33 lb/piece  ($0.47/lb),$0.16,Aldi,2026-03-11,0.16,5.28,oz,False,0.030303,National,Produce,False,False
Chicken Breast,"Kirkwood Split Chicken Breasts, per lb",avg. 2.7 lb/package  ($1.99/lb),$5.37,Aldi,2026-03-11,5.37,43.2,oz,False,0.124306,National,Meat,False,False
Dish Soap,"Power Force Original Dishwashing Liquid Detergent, 24 fl oz",24 fl oz,$2.35,Aldi,2026-03-11,2.33,24.0,oz,False,0.097083,National,Household,False,False
Gala Apples,"Gala Apples, 3 lb",3 lb,$2.45,Aldi,2026-03-11,2.45,48.0,oz,False,0.051042,National,Produce,False,False
Ground Beef 80/20,"Fresh  80% Lean 20% Fat Ground Beef Patties, 4 count",avg. 1.33 lb/package  ($5.59/lb),$7.43,Aldi,2026-03-11,7.43,21.28,oz,False,0.349154,National,Meat,False,False
Iceberg Lettuce,"Iceberg Lettuce, each",1 each,$2.19,Aldi,2026-03-11,2.19,1.0,count,False,2.19,National,Produce,False,False
Large Eggs (12 count),"Goldhen Free  Range Large Brown Grade A Eggs, 12 count",12 ct,$4.25,Aldi,2026-03-11,4.25,12.0,count,False,0.354167,Private,Dairy,False,False
Salted Butter,"Countryside Creamery Salted Butter Sticks, 1 lb",16 oz,$3.55,Aldi,2026-03-11,3.55,16.0,oz,False,0.221875,National,Dairy,False,False
Spaghetti Pasta,"Bon Italia Spaghetti Rings with Meatballs, 15 oz Can",15 oz,$1.09,Aldi,2026-03-11,1.12,15.0,oz,False,0.074667,National,Pantry,False,False
Tomato Sauce,"Happy Harvest Tomato Sauce, 8 oz",8 oz,$0.55,Aldi,2026-03-11,0.55,8.0,oz,False,0.06875,National,Pantry,False,False
White Bread,"L'oven Fresh White Bread,  20 oz",20 oz,$1.65,Aldi,2026-03-11,1.65,20.0,oz,False,0.0825,National,Pantry,False,False
Whole Milk,"Friendly Farms Whole Milk, 0.5 gal",0.5 gal,$2.25,Aldi,2026-03-11,2.25,64.0,oz,False,0.035156,Private,Dairy,False,False
Bananas,Publix Green Banana,About 0.4 lb each,Current price: $0.28 each (estimated),Publix,2026-03-11,0.28,6.4,oz,False,0.04375,Private,Produce,False,False
Chicken Breast,Publix Just Bare Brand Boneless Skinless Chicken Breast Fillets,1.13 lb,Current price: $9.43,Publix,2026-03-11,9.43,18.08,oz,False,0.521571,National,Meat,False,False
Dish Soap,"Publix Dawn Ultra Dishwashing Liquid Dish Soap, Original Scent",7.5 fl oz,Current price: $2.09,Publix,2026-03-11,2.09,7.5,oz,False,0.278667,Private,Household,False,False
Gala Apples,Publix Gala Apple,About 0.54 lb each,Current price: $1.59 each (estimated),Publix,2026-03-11,1.59,8.64,oz,False,0.184028,Private,Produce,False,False
Ground Beef 80/20,Publix Publix Market Ground Beef,About 1.15 lb / package,Current price: $8.91 per package (estimated),Publix,2026-03-11,8.91,18.4,oz,False,0.484239,Private,Meat,False,False
Iceberg Lettuce,Publix Iceberg Lettuce,,Current price: $2.97,Publix,2026-03-11,2.97,16,oz,True,0.185625,Private,Produce,False,False
Large Eggs (12 count),"Publix Publix Eggs, Large",12 ct,Current price: $2.43,Publix,2026-03-11,2.41,12.0,count,False,0.200833,Private,Dairy,False,False
Salted Butter,"Publix Publix Butter, Salted, Sweet Cream",8 oz,Current price: $2.43,Publix,2026-03-11,2.43,8.0,oz,False,0.30375,Private,Dairy,False,False
Spaghetti Pasta,"Publix Publix Spaghetti, Thin",16 oz,Current price: $1.37,Publix,2026-03-11,1.4,16.0,oz,False,0.0875,Private,Pantry,False,False
Tomato Sauce,Publix Contadina Tomato Sauce,8 oz,Current price: $1.09,Publix,2026-03-11,1.12,8.0,oz,False,0.14,National,Pantry,False,False
White Bread,"Publix Publix Bread, Enriched, Large White",20 oz,Current price: $2.65,Publix,2026-03-11,2.65,20.0,oz,False,0.1325,Private,Pantry,False,False
Whole Milk,"Publix Publix Milk, Whole",,Current price: $2.43,Publix,2026-03-11,2.43,64,oz,True,0.037969,Private,Dairy,False,False
Bananas,"Walmart Fresh Banana, Each",Each,$0.20,Walmart,2026-03-11,0.18,1.0,count,False,0.18,National,Produce,False,False
Chicken Breast,"Walmart Sanderson Farms Fresh Boneless Skinless Chicken Breast Fillets, 25g Protein, 4oz 112g, 1.6 - 3.05lb",1.6 - 3.05lb,$10.67,Walmart,2026-03-11,10.71,25.6,oz,False,0.418359,National,Meat,False,False
Dish Soap,"Walmart Dawn Ultra Liquid Dish Soap, Dishwashing Liquid, Grease Removal, Original, 5.8oz",5.8oz,$0.97,Walmart,2026-03-11,0.95,5.8,oz,False,0.163793,National,Household,False,False
Gala Apples,"Walmart Fresh Gala Apple, Each",Each,$0.73,Walmart,2026-03-11,0.75,1.0,count,False,0.75,National,Produce,False,False
Ground Beef 80/20,"Walmart 80% Lean / 20% Fat Ground Beef Chuck, 1 lb Roll, Fresh, All Natural*",All Natural*,$7.23,Walmart,2026-03-11,7.22,16,oz,False,0.45125,National,Meat,False,False
Iceberg Lettuce,"Walmart Marketside Fresh Shredded Iceberg Lettuce, 8 oz, Bag",Bag,$1.97,Walmart,2026-03-11,2.0,1.0,count,False,2.0,National,Produce,False,False
Large Eggs (12 count),"Walmart Great Value Extra Large White Eggs, 12 Count",12 Count,$2.22,Walmart,2026-03-11,2.25,12.0,count,False,0.1875,National,Dairy,False,False
Salted Butter,"Walmart Land O Lakes Salted Butter in Half Sticks, 4 Half Sticks, 8 oz Pack",8 oz Pack,$2.86,Walmart,2026-03-11,2.88,8.0,count,False,0.36,National,Dairy,False,False
Spaghetti Pasta,"Walmart Great Value Spaghetti, 16 oz",16 oz,$0.98,Walmart,2026-03-11,0.99,16.0,oz,False,0.061875,National,Pantry,False,False
Tomato Sauce,"Walmart Great Value Tomato Sauce, 8 oz Can",8 oz Can,$0.48,Walmart,2026-03-11,0.43,8.0,oz,False,0.05375,National,Pantry,False,False
White Bread,"Walmart Great Value White Sandwich Bread, 20 oz",20 oz,$1.54,Walmart,2026-03-11,1.5,20.0,oz,False,0.075,National,Pantry,False,False
Whole Milk,"Walmart Great Value Whole Vitamin D Milk, Gallon, 128 fl oz",128 fl oz,$3.38,Walmart,2026-03-11,3.4,128.0,oz,False,0.026562,National,Dairy,False,False
